code;description;category;price
8001876000998;ACEITE DE OLIVA COLAVITA X 500 EDICION MUNDIAL;ACEITE DE OLIVA Y SALES;33800
7798353193540;ACEITE DE OLIVA LATA X 500 LAUR ORGANICO;ACEITE DE OLIVA Y SALES;19600
7798353193250;ACEITE DE OLIVA LATA X 500 TERROIR;ACEITE DE OLIVA Y SALES;18900
7798353194240;ACEITE DE OLIVA LAUR LATA X500 MEDRANO;ACEITE DE OLIVA Y SALES;18200
7798090730299;ACEITE DE OLIVA LAUR X 250 BOTELLA;ACEITE DE OLIVA Y SALES;10000
7798090730725;ACEITE DE OLIVA LAUR X 500 BOTELLA;ACEITE DE OLIVA Y SALES;17600
7798159942489;ACEITE DE OLIVA LAUR X 500 ORGANICO;ACEITE DE OLIVA Y SALES;20900
7790336060924;ACEITE DE OLIVA LOPEZ X 250;ACEITE DE OLIVA Y SALES;10700
7790336060900;ACEITE DE OLIVA LOPEZ X 250 FRANTOIO;ACEITE DE OLIVA Y SALES;10700
7790336060740;ACEITE DE OLIVA LOPEZ X 500;ACEITE DE OLIVA Y SALES;16700
8001250220011;ACEITE DE OLIVA X 1LT DE CECCO;ACEITE DE OLIVA Y SALES;49800
8001876020033;ACEITE DE OLIVA X 250 COLAVITA;ACEITE DE OLIVA Y SALES;14200
656654811;ACEITE DE OLIVA X 500 GOURMETERIA;ACEITE DE OLIVA Y SALES;15400
7798159942403;ACEITUNAS LAUR X 200 CON CAROZO;ACEITE DE OLIVA Y SALES;5400
7798159945459;ACEITUNAS LAUR X 200 DESCAROZADAS;ACEITE DE OLIVA Y SALES;5300
7798159942588;ACEITUNAS LAUR X 200 RELLENAS;ACEITE DE OLIVA Y SALES;6000
7798159942311;ACEITUNAS LAUR X 660 VERDES;ACEITE DE OLIVA Y SALES;8300
7798159942328;ACEITUNAS PREMIUM LAUR X 320G;ACEITE DE OLIVA Y SALES;5700
7796286003301;ACETO BALSAMICO X 250 ASTA NEGRA 701;ACEITE DE OLIVA Y SALES;8000
8001876552442;ACETO BALSAMICO X 250 COLAVITA;ACEITE DE OLIVA Y SALES;8900
7798159944902;ACETO BALSAMICO X 250 MILAN ESPESO Y CREMOSO;ACEITE DE OLIVA Y SALES;7700
8001876550561;ACETO BALSAMICO X 500 COLAVITA;ACEITE DE OLIVA Y SALES;11200
7798430090038;ACETO MILAN X 250 ITALIANO;ACEITE DE OLIVA Y SALES;8300
7798430090021;ACETO MILAN X 250 PICANTE;ACEITE DE OLIVA Y SALES;8300
7796286000553;ADEREZO DE PESCADO X 50 GPATAG 422;ACEITE DE OLIVA Y SALES;5000
7798073725595;AJI PICANTE DURANG X 200;ACEITE DE OLIVA Y SALES;4000
7796286000355;AJITOS AHUMADOS X 60 GPATAG 402;ACEITE DE OLIVA Y SALES;5000
7796286003035;ANTIPASTO BARILOCHE 207;ACEITE DE OLIVA Y SALES;8900
7790895003301;AQUARIUS X 2.25 MANZANA;ACEITE DE OLIVA Y SALES;4000
8001876002138;ARROZ CARNAROLI X 1KG COLAVITA;ACEITE DE OLIVA Y SALES;21500
8001250008510;ARROZ CARNAROLI X 1KG DE CECCO;ACEITE DE OLIVA Y SALES;24100
7798353190952;BERENJENAS CONDIMENTADAS X 300 CONTRA VIENTO;ACEITE DE OLIVA Y SALES;10400
6587412121;BERENJENAS EN ESCABECHE X 970 GOURMETERIA;ACEITE DE OLIVA Y SALES;15500
8003340096247;BOMBONES LINDT X 75 ASSORET;ACEITE DE OLIVA Y SALES;14900
8003340096230;BOMBONES LINDT X 75 MILK;ACEITE DE OLIVA Y SALES;14900
7796286063534;BONDIOLA GRILL 518;ACEITE DE OLIVA Y SALES;8600
112333222;BOTANICOS SECOS DOYPACK X 30G;ACEITE DE OLIVA Y SALES;5400
714604324577;BOTANICOS SECOS GRANDES;ACEITE DE OLIVA Y SALES;9300
714604324638;BOTANICOS SECOS RUEDITA;ACEITE DE OLIVA Y SALES;6600
7796286063657;BRUSQUETAS  X 180 ASTA NEGRA 303;ACEITE DE OLIVA Y SALES;14300
898;CAJA ASTA NEGRA ESPECIAS 556;ACEITE DE OLIVA Y SALES;37400
7796286003066;CASTAñAS AL AJILLO X 80 903;ACEITE DE OLIVA Y SALES;14700
7796286002571;CHIMICHURRI X 250 GPATAG 710;ACEITE DE OLIVA Y SALES;7800
7796286063329;CHIVITO X 375 ASTA NEGRA 319;ACEITE DE OLIVA Y SALES;12800
7796286063268;CIERVO EN ESC X 375 ASTA NEGRA 316;ACEITE DE OLIVA Y SALES;12800
8001876060060;COLAVITA MALANZANE Y PEPERONI;ACEITE DE OLIVA Y SALES;16800
00000362;CONFITES DE MEMBRILLO CUESTA DEL PORT X 450;ACEITE DE OLIVA Y SALES;9100
7796286063251;CORDERO ESCABECHE X 375 ASTA NEGRA 318;ACEITE DE OLIVA Y SALES;12800
7796286000287;CURRY AHUMADO X 50 G PATAG 401;ACEITE DE OLIVA Y SALES;4900
8001250039705;DECECCO SUGO BASIL X 690;ACEITE DE OLIVA Y SALES;10200
MERM;DULCE DE TOMATE CEPA NATURAL;ACEITE DE OLIVA Y SALES;7200
00000555;ESTUCHE ASTA NEGRA X 5 TUBOS 555;ACEITE DE OLIVA Y SALES;30300
356;ESTUCHE G PATAGONICAS 2 PATES Y 2 ESC 123;ACEITE DE OLIVA Y SALES;45400
455;ESTUCHE G PATAGONICAS ESPECIAS  X6 434;ACEITE DE OLIVA Y SALES;41400
263;ESTUCHE G PATAGONICAS SALS Y ESPECIAS 801;ACEITE DE OLIVA Y SALES;32700
8001250201034;FIDEOS DE CECCO X 250 FETTUCCINE;ACEITE DE OLIVA Y SALES;11500
8001250120144;FIDEOS DE CECCO X 500 BUCATINI PICCOLI;ACEITE DE OLIVA Y SALES;8500
8001250120342;FIDEOS DE CECCO X 500 FUSILLI;ACEITE DE OLIVA Y SALES;9100
8001250120915;FIDEOS DE CECCO X 500 ORECHIETTE;ACEITE DE OLIVA Y SALES;9100
8001250410412;FIDEOS DE CECCO X 500 PENNE CON ESPINACA;ACEITE DE OLIVA Y SALES;11600
8001250120410;FIDEOS DE CECCO X 500 PENNE RIGATE N 41;ACEITE DE OLIVA Y SALES;9100
8001250410122;FIDEOS DE CECCO X 500 SPAGHETTI CON ESPINACA;ACEITE DE OLIVA Y SALES;11600
8001250120113;FIDEOS DE CECCO X 500 SPAGHETTINI;ACEITE DE OLIVA Y SALES;9100
5776879011861;GALLETITAS JACOBSEN X 150 LATA;ACEITE DE OLIVA Y SALES;16300
5776879010819;GALLETITAS JACOBSEN X 200G;ACEITE DE OLIVA Y SALES;20200
7796286003011;HONGOS EN ESCABECHE X 200 GPATAG 307;ACEITE DE OLIVA Y SALES;14100
7796286063275;JABALI EN ESC X 375 ASTA NEGRA 317;ACEITE DE OLIVA Y SALES;12800
7798353192345;JALAPEñO X 180 AHUM CONTRA VIENTO;ACEITE DE OLIVA Y SALES;9200
7798353192338;JALAPEñO X 180 ROJO CONTRA VIENTO;ACEITE DE OLIVA Y SALES;8800
7796286000591;KIT ESPECIAS X 3 GP 411;ACEITE DE OLIVA Y SALES;16400
7796286063541;LANGOSTINOS AL CURRY 519;ACEITE DE OLIVA Y SALES;8300
7796286002793;MERKEN X 50 GPATAG 430;ACEITE DE OLIVA Y SALES;6300
3045320089356;MERMELADA BONNE MAMAN X 370 ARANDANOS SILVESTRES;ACEITE DE OLIVA Y SALES;11800
3045320089677;MERMELADA BONNE MAMAN X 370 CASTAñAS;ACEITE DE OLIVA Y SALES;11800
3045320089349;MERMELADA BONNE MAMAN X 370 FRAMBUEZA;ACEITE DE OLIVA Y SALES;11800
3045320096101;MERMELADA BONNE MAMAN X 370 HIGO;ACEITE DE OLIVA Y SALES;11800
3045320089332;MERMELADA BONNE MAMAN X 370 NARANJA;ACEITE DE OLIVA Y SALES;11800
7797448002163;MERMELADA DE HIGO PORTEZUELO;ACEITE DE OLIVA Y SALES;9200
5121;MERMELADA TOMATE PORTEZUELO X 450;ACEITE DE OLIVA Y SALES;7400
7796286062902;MEZCLA DE ESPECIAS ASTA NEGRA X 15G;ACEITE DE OLIVA Y SALES;6300
783970981042;MINIATURA ACONCAGUA;ACEITE DE OLIVA Y SALES;5000
7795513122761;MIX DE ESPECIAS A LA PARRILLA MAYADEVI;ACEITE DE OLIVA Y SALES;4500
7795513122754;MIX DE ESPECIAS LIMON Y FINAS HIERBAS MAYADEVI;ACEITE DE OLIVA Y SALES;4500
7795513122778;MIX DE ESPECIAS PASTAS Y ARROCES MAYADEVI;ACEITE DE OLIVA Y SALES;4500
7795513122785;MIX DE ESPECIAS WOK Y CACEROLA MAYADEVI;ACEITE DE OLIVA Y SALES;4500
7796286000652;MIX DE PIMIENTAS AHUMADAS X50 GPATAG 407;ACEITE DE OLIVA Y SALES;9100
7796286003004;MIX SALADO AHUMADO X 90 904;ACEITE DE OLIVA Y SALES;7100
714604023050;MIX SALADO X 80 RAICES;ACEITE DE OLIVA Y SALES;1000
7796286002694;MOSTAZA A LA CERVEZA NEGRA X 180 715;ACEITE DE OLIVA Y SALES;5700
7796286002670;MOSTAZA ARANDANOS X 180 GPATAG 714;ACEITE DE OLIVA Y SALES;5700
7796286003516;MOSTAZA DE DIJON X 180 GPATAG 721;ACEITE DE OLIVA Y SALES;6200
7796286063367;MOSTAZA ESTILO IPA X 180 724;ACEITE DE OLIVA Y SALES;6500
7796286003523;MOSTAZA MERKEN X 180 G PATAG 720;ACEITE DE OLIVA Y SALES;5700
7796286002779;MOSTAZA MIEL X 180  GPATAG 713;ACEITE DE OLIVA Y SALES;6200
7796286063558;MOUSSE TRUCHA A&N 517;ACEITE DE OLIVA Y SALES;8300
7796286002960;PACK MOSTAZAS X 2 GP 802;ACEITE DE OLIVA Y SALES;13900
7796286000720;PACK PATE X 2 GP 507;ACEITE DE OLIVA Y SALES;19400
7796286003578;PACK PATES X 2 A&N 554;ACEITE DE OLIVA Y SALES;14000
8001876003036;PASSATA POMODORO X 680 COLAVITA;ACEITE DE OLIVA Y SALES;8600
7796286003325;PASTA CALABAZA Y TOMATE X 80 ASTA NEGRA 552;ACEITE DE OLIVA Y SALES;5300
7798159946968;PASTA DE ACEITUNA X 170 CONTRA VIENTO;ACEITE DE OLIVA Y SALES;10700
7796286063527;PASTA DE BONDIOLA ASTA NEGRA 502;ACEITE DE OLIVA Y SALES;8300
7796286003394;PASTA DE HONGOS AL VINO ASTA NEGRA 553;ACEITE DE OLIVA Y SALES;5300
7796286063343;PASTA DE LANGOSTINO ASTA NEGRA 509;ACEITE DE OLIVA Y SALES;8300
7798159946975;PASTA DE POROTOS X 180 CONTRA VIENTO;ACEITE DE OLIVA Y SALES;11200
7796286000478;PASTA DE SALMON 501;ACEITE DE OLIVA Y SALES;8300
7798159946500;PASTA DE TOMATE X 180 CONTRA VIENTO;ACEITE DE OLIVA Y SALES;11600
7796286000454;PASTA DE TRUCHA ASTA NEGRA 505;ACEITE DE OLIVA Y SALES;8300
7796286003318;PASTA HOT CAPRESE 551;ACEITE DE OLIVA Y SALES;5300
7798353190945;PEPINOS AGRIDULCES X 300 CONTRA VIENTO;ACEITE DE OLIVA Y SALES;13700
8001250016522;PESTO GENOVESE X 190;ACEITE DE OLIVA Y SALES;13900
80330318;PESTO OLIVA COLAVITA;ACEITE DE OLIVA Y SALES;12700
80479130;PESTO ROSSO COLAVITA X135;ACEITE DE OLIVA Y SALES;12500
00000358;PIMENTON AHUMADO X 100 LATA;ACEITE DE OLIVA Y SALES;8900
00000361;PIMENTON DULCE ESPAñOL X 100 LATA;ACEITE DE OLIVA Y SALES;8900
00000359;PIMENTON DULCE X 100 LATA;ACEITE DE OLIVA Y SALES;8900
7796286000577;PIMENTON DULCE X 50 GPATAG 405;ACEITE DE OLIVA Y SALES;6300
00000360;PIMENTON PICANTE ESPAñOL X 100 LATA;ACEITE DE OLIVA Y SALES;8900
7796286000669;PIMIENTA BLANCA X 50 GPATAG 409;ACEITE DE OLIVA Y SALES;9100
7796286000638;PIMIENTA NEGRA X 50 GPATAG 410;ACEITE DE OLIVA Y SALES;9100
7796286000621;PIMIENTA VERDE X 30 408;ACEITE DE OLIVA Y SALES;9100
7796286002687;PIMIENTA Y LIMON X 60 431;ACEITE DE OLIVA Y SALES;9100
7798353190938;PIMIENTOS AGRIDULCES X 300 CONTRA VIENTO;ACEITE DE OLIVA Y SALES;12800
7798353190884;PIMIENTOS MORRONES X 300 CONTRA VIENTO;ACEITE DE OLIVA Y SALES;12800
8001250019769;POMODORI PELATO DE CECCO X 400;ACEITE DE OLIVA Y SALES;5100
8001250009821;POMODORINI DE CECCO X 400;ACEITE DE OLIVA Y SALES;5200
7796286063046;PORTOBELOS PIRI A&N 214;ACEITE DE OLIVA Y SALES;11200
7796286063053;PORTOBELOS PROV A&N 215;ACEITE DE OLIVA Y SALES;11200
7796286002502;PROVENZAL X 50 GPATAG 427;ACEITE DE OLIVA Y SALES;4900
7796286000232;QUESITOS ESPECIADOS X 200 GPATAG 205;ACEITE DE OLIVA Y SALES;14600
7796286003370;SABORIZANTE DE HUMO X 100 ASTA NEGRA 705;ACEITE DE OLIVA Y SALES;7200
7796286002458;SAL AL CHIMICHURRY 428;ACEITE DE OLIVA Y SALES;5000
7796286003233;SAL MARINA ASTA NEGRA X 55G 451;ACEITE DE OLIVA Y SALES;4900
7796286002717;SAL,PIM Y LIMON X 50 GPATAG 420;ACEITE DE OLIVA Y SALES;4900
7796286003172;SALMON AHUMADO EN ACEITE X 80 GP 210;ACEITE DE OLIVA Y SALES;10200
7796286000102;SALMON AHUMADO EN ACEITE X200GR 203;ACEITE DE OLIVA Y SALES;20000
7796286003189;SALMON EN ACEITE X 80 ALCAPARRAS 211;ACEITE DE OLIVA Y SALES;10200
7796286002519;SALSA AHUMADA X 250 GPATAG 707;ACEITE DE OLIVA Y SALES;8000
7796286002762;SALSA BBQ X 250 GPATAG 717;ACEITE DE OLIVA Y SALES;8000
7796286003653;SALSA BLUE  X 250 ASTA NEGRA 754;ACEITE DE OLIVA Y SALES;8000
7796286002946;SALSA BRAVA X 250 GPATAG 718;ACEITE DE OLIVA Y SALES;8000
7796286003691;SALSA CESAR X 250 753;ACEITE DE OLIVA Y SALES;8000
7796286062865;SALSA DE AJO X 250 GPATAG 702;ACEITE DE OLIVA Y SALES;8000
7796286002601;SALSA DE CURRY X 250 GPATAG 708;ACEITE DE OLIVA Y SALES;8000
7796286002540;SALSA DE HONGOS X 250 GPATAG 709;ACEITE DE OLIVA Y SALES;8000
000007716;SALSA DE OLIVAS X 250 716;ACEITE DE OLIVA Y SALES;8000
7896007811007;SALSA DE SOJA X 150 SAKURA;ACEITE DE OLIVA Y SALES;2500
7796286003677;SALSA MERKEN X 100 ASTA NEGRA 755;ACEITE DE OLIVA Y SALES;8000
33584158411;SECOS INFUSION HIBISCUS;ACEITE DE OLIVA Y SALES;3500
7791728238204;SET ACEITE DE OLIVA ZUCCARDI X3 + LIBRO;ACEITE DE OLIVA Y SALES;58700
7796286063411;TE HEBRAS BE GREEN 603;ACEITE DE OLIVA Y SALES;9900
7796286063428;TE HEBRAS BE LEMON 606;ACEITE DE OLIVA Y SALES;9900
7796286063404;TE HEBRAS BE ORIENTE 601;ACEITE DE OLIVA Y SALES;9900
7796286063398;TE HEBRAS BE PASSION 602;ACEITE DE OLIVA Y SALES;9900
7796286063459;TE HEBRAS BE SPEC 605;ACEITE DE OLIVA Y SALES;9900
7796286063435;TE HEBRAS MONS CHOC 604;ACEITE DE OLIVA Y SALES;9900
5013111001571;TE INGLES EN LATA BUS X 10 SACOS;ACEITE DE OLIVA Y SALES;21800
5013111000741;TE INGLES EN LATA BUS X 25 SACOS;ACEITE DE OLIVA Y SALES;30500
5013111001076;TE INGLES EN LATA CABINA TELEFONICA;ACEITE DE OLIVA Y SALES;25500
5013111000871;TE INGLES X 3 LATAS TRADITIONS;ACEITE DE OLIVA Y SALES;35900
5063270103524;TE LIPTON CAMOMILE/MANZANILLA;ACEITE DE OLIVA Y SALES;8500
5063270100752;TE LIPTON EARL GREY;ACEITE DE OLIVA Y SALES;9400
5063270100905;TE LIPTON ENGLISH BREAK;ACEITE DE OLIVA Y SALES;8500
8720608014064;TE LIPTON FRAMBUEZA Y ARANDANOS;ACEITE DE OLIVA Y SALES;9400
5063270101391;TE LIPTON GREEN CITRUS;ACEITE DE OLIVA Y SALES;8500
8720608014248;TE LIPTON POMELO Y NARANJA;ACEITE DE OLIVA Y SALES;9400
5063270101353;TE LIPTON VERDE;ACEITE DE OLIVA Y SALES;8500
7796286003622;TE SAQUITOS BE ACT POSIT 616;ACEITE DE OLIVA Y SALES;6300
7796286003639;TE SAQUITOS BE H REF 615;ACEITE DE OLIVA Y SALES;6300
5013111005548;TE VINTAGE VICTORIAN LATA BLANCA;ACEITE DE OLIVA Y SALES;41000
5013111005555;TE VINTAGE VICTORIAN LATA ROSA;ACEITE DE OLIVA Y SALES;41000
5013111004176;TE VINTAGE VICTORIAN LATA VERDE;ACEITE DE OLIVA Y SALES;41000
7796286002595;TOMATES  EN ACEITE X 230 GPATAG 206;ACEITE DE OLIVA Y SALES;7500
154712311;TOMATES CONDIMENTADOS X 250 GOURMETERIA;ACEITE DE OLIVA Y SALES;10500
7796286003196;TRUCHA ACEITE X 80 AL AJILLO 212;ACEITE DE OLIVA Y SALES;10200
7796286063640;TRUCHA AHUMADA X 180 ASTA NEGRA 303;ACEITE DE OLIVA Y SALES;14400
7796286000089;TRUCHA AHUMADA X 200 GPATAG 204;ACEITE DE OLIVA Y SALES;17900
7796286063565;TRUCHA AL CHARDONNAY 520 LATA;ACEITE DE OLIVA Y SALES;8300
7796286003202;TRUCHA EN ACEITE X 80 GP PIM Y LIMON;ACEITE DE OLIVA Y SALES;1000
7796286000010;TRUCHA EN ESCABECHE X 330 GPATAG 302;ACEITE DE OLIVA Y SALES;19300
7798353191294;VINAGRE DE VINO;ACEITE DE OLIVA Y SALES;4400
7796286063336;VIZCACHA X 375 ASTA NEGRA 315;ACEITE DE OLIVA Y SALES;19300
7790387015607;YERBA LA MERCED X 500 DE CAMPO;ACEITE DE OLIVA Y SALES;5000
7730241003654;YERBA X 1 KG CANARIAS;ACEITE DE OLIVA Y SALES;14600
7730241003661;YERBA X 500 LA CANARIAS;ACEITE DE OLIVA Y SALES;7600
8001250009999;ñOQUIS DECECCO X500 GNOCCHI DI PATATE;ACEITE DE OLIVA Y SALES;9200
7790260006043;AMERICAN CLUB X 750 FRUTILLA COLADA;APERITIVOS;8400
075496002005;ANGOSTURA BITTER X 200ML;APERITIVOS;51700
8007117010085;APERITIVO COCCHI X 700 AMERICANO ROSA;APERITIVOS;53700
8410023094023;APERITIVO CROFT TWIST X 750;APERITIVOS;28700
720665925288;APERITIVO PIMPOLLAL X 750;APERITIVOS;16400
7790950134117;APERITIVO PINERAL X 750;APERITIVOS;11600
7891136057029;APEROL X 750;APERITIVOS;11800
8000040010962;CAMPARI CASK TALES X 1LT;APERITIVOS;50000
7791200200781;CAMPARI X 750 ML;APERITIVOS;11800
7790070764010;COCKTAIL EMILIA X 750 CLAREA;APERITIVOS;11000
7790070764027;COCKTAIL EMILIA X 750 ROSE;APERITIVOS;11000
7790070764034;COCKTAIL EMILIA X 750 SANGRIA;APERITIVOS;11000
7790070764041;COCKTAIL EMILIA X 750 SPRITZ;APERITIVOS;11000
7791200000619;CYNAR NEGRO 70;APERITIVOS;11800
7791200000626;CYNAR X 750;APERITIVOS;10400
3074935008035;ESTUCHE GIN ACONCAGUA + COPON;APERITIVOS;35900
0000000000013;ESTUCHE GIN DALMATA CON 4 BOTANICOS;APERITIVOS;39400
7798167890109;ESTUCHE HODLMOSER + 6 SPEED;APERITIVOS;33800
714604268307;ESTUCHE VERMUT FEDERAL X 750 ROSADO;APERITIVOS;29400
714604268291;ESTUCHE VERMUT FEDERAL X 750 ROSSO;APERITIVOS;29400
7791728239447;ESTUCHE VINO SANTA JULIA + 2 VASOS;APERITIVOS;28300
7790139102449;FERNET 1882 LATA CON POMELO;APERITIVOS;2200
7790290000523;FERNET BRANCA 1L;APERITIVOS;21000
7790290101794;FERNET BRANCA DORADO X 750 MUNDIAL 2026;APERITIVOS;19900
7790290101480;FERNET BRANCA MENTA X 450CC;APERITIVOS;9500
7790290001179;FERNET BRANCA X 450 CC;APERITIVOS;10800
7790290101602;FERNET BRANCA X 750;APERITIVOS;16000
7790290101473;FERNET BRANCA X 750 MENTA;APERITIVOS;14300
7792410523165;FERNET BUHERO NEGRO X 700;APERITIVOS;9800
7792410779616;FERNET BUHERO X750 MANDELO;APERITIVOS;10900
7792855002553;FERNET CESTARI;APERITIVOS;10500
7792855003475;FERNET MONTES X750;APERITIVOS;6900
7790290101459;FERNET VITTONE X 750;APERITIVOS;6900
7790950147926;GANCIA LATA X 473 0.0;APERITIVOS;2400
7790950000160;GANCIA X 950;APERITIVOS;8100
7790950144819;GANCIA X750 HIBISCUS;APERITIVOS;10900
7790480090310;GINEBRA BOLS;APERITIVOS;11700
7791090200014;HESPERIDINA X 1000;APERITIVOS;14400
7790950134124;HIERROQUINA PERETTI X 1000;APERITIVOS;9300
4067700014559;JAGERMEISTER X 700ML;APERITIVOS;34500
5011007021160;JAMESON TRIPLE DISTILLED 4.5 LITROS;APERITIVOS;309700
80220718;LICOR DE AZAFRAN STREGA;APERITIVOS;32300
7791250001482;LICOR LEGUI X 750;APERITIVOS;6000
8009265337410;LIMONCELLO STREGA X 700;APERITIVOS;35600
25452614614;NEGRONI INTERFERENCIA X 500;APERITIVOS;18200
3147690016304;OPORTO CRUZ  X 750 RUBY;APERITIVOS;36700
3147690089704;OPORTO CRUZ X 750 TAWNY;APERITIVOS;36700
7790336006502;VERMUT 746 X 750 ATLANTICO ROJO;APERITIVOS;15700
545470;VERMUT AL VOLEO X 750 BLANCO;APERITIVOS;21700
7790950001969;VERMUT AMARGO OBRERO X 950;APERITIVOS;4500
8004400007203;VERMUT ANTICA FORMULA X1L;APERITIVOS;76400
7790290008291;VERMUT CARPANO BIANCO X 950;APERITIVOS;9700
7790290008192;VERMUT CARPANO ROSSO X 950;APERITIVOS;9700
7791200200712;VERMUT CINZANO SEGUNDO ROJO X 750;APERITIVOS;10900
7791200200552;VERMUT CINZANO X1L ROSSO;APERITIVOS;9500
8007117010153;VERMUT COCCHI X 700 AMARO;APERITIVOS;65800
8007117010191;VERMUT COCCHI X 700 DI TORINO;APERITIVOS;53700
7798078237956;VERMUT DESCONFIADO X 750 ROSSO;APERITIVOS;14700
714604483588;VERMUT FEDERAL BIB X 5LTS;APERITIVOS;72500
714604177456;VERMUT FEDERAL X 750 ROSADO;APERITIVOS;15400
763571871126;VERMUT FEDERAL X 750 ROSSO;APERITIVOS;15400
7907578359628;VERMUT FERIADO X 750;APERITIVOS;13900
7907578360068;VERMUT FERIADO X 750 ROSADO;APERITIVOS;13900
1806;VERMUT INTERFERENCIA X 750 CATEDRAL;APERITIVOS;15400
1803;VERMUT INTERFERENCIA X 750 CLASICO;APERITIVOS;15400
1804;VERMUT INTERFERENCIA X 750 TEMPRANILLO;APERITIVOS;15400
1805;VERMUT INTERFERENCIA X750 ROSADO;APERITIVOS;15400
7791728237191;VERMUT LA FUERZA X 750 PRIMAVERA;APERITIVOS;22400
7791728238723;VERMUT LA FUERZA X 750 ROJO;APERITIVOS;22400
7798081393021;VERMUT LEONCE X750 ROSADO;APERITIVOS;9900
7798135763114;VERMUT LUNFA ROSADO;APERITIVOS;17400
7798135762889;VERMUT LUNFA ROSSO;APERITIVOS;16200
7790950134834;VERMUT MARTINI BLANCO X 1LT;APERITIVOS;10100
7790950134827;VERMUT MARTINI EXTRA DRY X 1LT;APERITIVOS;14000
7790950134810;VERMUT MARTINI ROSSO X 1LT;APERITIVOS;10100
4444;VERMUT MEJUNJE MAAL;APERITIVOS;20200
7172;VERMUT MONTES X 750 ROSADO;APERITIVOS;6900
7171;VERMUT MONTES X 750 ROSSO;APERITIVOS;6900
8427221023915;VERMUT PADRO CO X 750 BLANCO RESERVA;APERITIVOS;36600
8427221023946;VERMUT PADRO CO X 750 ROJO;APERITIVOS;33800
012;VERMUT PICHINCHA;APERITIVOS;16400
7790290007195;VERMUT PUNT E MES X 750;APERITIVOS;9900
415763674938;VERMUT UNICO X 750 BIANCO;APERITIVOS;14600
546578354367;VERMUT UNICO X 750 ROSSO;APERITIVOS;14600
714604267140;VERMUT VERMUCHE X 750 ROSSO;APERITIVOS;11800
8425327100141;VERMUT YZAGUIRRE X 1000 BLANCO;APERITIVOS;33600
8425327100127;VERMUT YZAGUIRRE X 1000 ROJO;APERITIVOS;33600
8425327100165;VERMUT YZAGUIRRE X 1000 ROJO RESERVA;APERITIVOS;47900
694199006365;ESPUMANTE POMMERY X 750 ESTUCHE;BEBIDAS CARAS;162500
3049614214790;ESPUMANTE VEUVE CLICQUOT X 750;BEBIDAS CARAS;169500
7794450946157;ESTUCHE VINO CATENA ZAPATA MALBEC ARGENTINO X 1.5;BEBIDAS CARAS;153100
585;ESTUCHE VINO PACIENCIA + RELOJ;BEBIDAS CARAS;136500
111223332;FERNET BRANCA X 3LT;BEBIDAS CARAS;247600
7401005008627;RON ZACAPA CENTENARIO XO X 750;BEBIDAS CARAS;249900
1010;VINO CHATEAU MONTCHENOT 1987 MESSI X750;BEBIDAS CARAS;286000
7640186251754;VINO LIONEL MESSI X 750 PRIMITIVO;BEBIDAS CARAS;140400
7640186251723;VINO LIONEL MESSI X 750 SYRAH;BEBIDAS CARAS;140400
454545454111;VINO MESSI GOAT X 750 BLANCO;BEBIDAS CARAS;140400
54545454111;VINO MESSI GOAT X 750 NEGRO;BEBIDAS CARAS;140400
627040411889;VODKA CRYSTAL HEAD X 750 ONYX BLACK;BEBIDAS CARAS;163800
627040411568;VODKA CRYSTAL HEAD X750 AURORA TORNASOLADO;BEBIDAS CARAS;171600
085316601196;VODKA OUTER SPACE X 750 MARCIANO;BEBIDAS CARAS;260000
5010106110065;WHISKY BALLANTINES 30 X 750;BEBIDAS CARAS;1037500
5000267102566;WHISKY CARDHU 12 AñOS X 700ML;BEBIDAS CARAS;140200
5000299225004;WHISKY CHIVAS 18 X 700 GOLD;BEBIDAS CARAS;137700
5000299284926;WHISKY CHIVAS 25 X 750;BEBIDAS CARAS;879900
5000299211243;WHISKY CHIVAS ROYAL SALUTE X 700 21 AñOS;BEBIDAS CARAS;309100
5000299611524;WHISKY CHIVAS ULTIS X 750;BEBIDAS CARAS;431300
5391518566276;WHISKY DINGLE SINGLE MALT X 700;BEBIDAS CARAS;160600
5010327325125;WHISKY GLENFIDDICH 15 AñOS X 750;BEBIDAS CARAS;275200
0804324031050;WHISKY GLENLIVET 18 X 750;BEBIDAS CARAS;218500
5000267129723;WHISKY JOHNNIE WALKER X 3 LTS BLACK LABEL;BEBIDAS CARAS;351000
5000267114279;WHISKY JOHNNIE WALKER X 750 BLUE LABEL;BEBIDAS CARAS;513500
5000267134338;WHISKY JOHNNIE WALKER X 750 GREEN LABEL;BEBIDAS CARAS;192400
5000267199467;WHISKY JOHNNIE WALKER X 750 GREEN LABEL;BEBIDAS CARAS;192400
5010314302863;WHISKY MACALLAN 12 AñOS X700 DOUBLE CASK;BEBIDAS CARAS;217800
5010314048907;WHISKY MACALLAN 12 AñOS X700 TRIPLE CASK;BEBIDAS CARAS;217800
5000299613740;WHISKY SCAPA GLANSA X750;BEBIDAS CARAS;189600
5000281026626;WHISKY SINGLETON 15 AÑOS X 700;BEBIDAS CARAS;123100
5000281028620;WHISKY SINGLETON 18 AÑOS X 700;BEBIDAS CARAS;184500
7787844;CAFE TOSTADO BOSTON BRASIL PREMIUM X250;CAFE;18600
7878411;CAFE TOSTADO BOSTON BRASIL PREMIUM X500;CAFE;37200
88711;CAFE TOSTADO BOSTON BRASIL X250;CAFE;16900
7874544;CAFE TOSTADO BOSTON BRASIL X500;CAFE;33800
878741;CAFE TOSTADO TARZAN COLOMBIA X250;CAFE;20300
7613035379213;NESCAFE DESCAFEINADO X 100;CAFE;19900
7891000434239;NESCAFE DOLCE GUSTO X 10 CAFE CON LECHE;CAFE;14300
7891000421093;NESCAFE DOLCE GUSTO X 10 CAPPUCHINO;CAFE;14300
7891000421574;NESCAFE DOLCE GUSTO X 10 CHOCOCINO;CAFE;14300
7891000260982;NESCAFE DOLCE GUSTO X 10 CHOCOCINO GALAK;CAFE;14300
7891000421420;NESCAFE DOLCE GUSTO X 10 CORTADO;CAFE;14300
7891000249833;NESCAFE DOLCE GUSTO X 10 ESPRESSO;CAFE;14300
7891000405291;NESCAFE DOLCE GUSTO X 10 KIT KAT;CAFE;14300
7891000421451;NESCAFE DOLCE GUSTO X 10 LATTE MACCHIATO;CAFE;14300
7891000421390;NESCAFE DOLCE GUSTO X 10 LUNGO;CAFE;14300
7506475116626;NESCAFE GOLD 100G;CAFE;22800
8445291830806;NESCAFE GOLD GRANO X250;CAFE;20600
8445290114181;NESCAFE GOLD N°8 X 250G;CAFE;23100
8445290114174;NESCAFE GOLD N°9 X 250G;CAFE;15800
7613036312752;NESCAFE GOLD X 100G ESPRESSO;CAFE;25600
7613036069724;NESCAFE GOLD X 100GR ALTA RICA;CAFE;25600
7613036071499;NESCAFE GOLD X 100GR COLOMBIA;CAFE;25600
8445291738775;NESCAFE GOLD X 95G;CAFE;21100
8445291311572;NESCAFE GOLD X100 ESPRESSO SOBRE;CAFE;20600
8445291055070;NESCAFE GOLD X100 SOBRE;CAFE;19000
7891000426937;NESCAFE ICE X 100;CAFE;10600
8445291583719;NESCAFE PARA FILTRO TOSTADO Y MOLIDO X 190;CAFE;13600
7891000449417;NESCAFE TRADICION X 160;CAFE;16400
7891000108819;NESCAFE TRADICION X170;CAFE;14900
8445291311510;NESCAFE TRADICIONAL X 100 EN SOBRE;CAFE;11100
8445290154125;STARBUCKS CAPSULAS X 10;CAFE;17500
7613036957069;STARBUCKS CAPSULAS X 10 BLEND LUNGO;CAFE;17500
7613036961004;STARBUCKS CAPSULAS X 10 BLOND ESPRESSO;CAFE;17500
7613036961448;STARBUCKS CAPSULAS X 10 COLOMBIA;CAFE;17500
7613036961028;STARBUCKS CAPSULAS X 10 ESPRESSO;CAFE;17500
8445290814425;STARBUCKS CAPSULAS X 10 ESPRESSO DESCAFEINADO;CAFE;17415
8445291367272;STARBUCKS CAPSULAS X 10 ESPRESSO ROAST;CAFE;17500
8445291363656;STARBUCKS CAPSULAS X 10 HOUSE BLEND;CAFE;17500
8445290452535;STARBUCKS CAPSULAS X 10 TOFFEE NUT;CAFE;17500
7887411;CAFE TOSTADO TARZAN COLOMBIA X500;CERVEZA;39000
7798101838143;CERVEZA BARBA ROJA X 330 CANNABIAN BEER;CERVEZA;3900
7798101835142;CERVEZA BARBA ROJA X 330 CON LIMON;CERVEZA;3200
7798101838051;CERVEZA BARBA ROJA X 330 DOBLE IPA;CERVEZA;3900
7798101831045;CERVEZA BARBA ROJA X 330 FRUTADA;CERVEZA;3200
7798101837344;CERVEZA BARBA ROJA X 330 IPA 0.0;CERVEZA;3200
7798101830031;CERVEZA BARBA ROJA X 330 IPA PALE ALE;CERVEZA;3200
7798101831007;CERVEZA BARBA ROJA X 330 LAGER;CERVEZA;3200
7798101837351;CERVEZA BARBA ROJA X 330 LAGER SIN ALCOHOL;CERVEZA;3200
7798101835067;CERVEZA BARBA ROJA X 330 PALE ALE;CERVEZA;3200
8712000025649;CERVEZA BARRIL HEINEKEN X5 LTS;CERVEZA;59300
4014964117663;CERVEZA BARRIL KOSTRITZER X5LTS;CERVEZA;50000
4053400277738;CERVEZA BOTELLA SCHOFFERHOFER X 500 NEGRA TRIGO;CERVEZA;7500
4053400001838;CERVEZA BOTELLA SCHOFFERHOFER X 500 RUBIA TRIGO;CERVEZA;7500
7792798003716;CERVEZA BOTELLA X 710 CORONA;CERVEZA;5500
87451212111;CERVEZA BOTELLA X 730 PATAGONIA 24.7;CERVEZA;5200
7792798002351;CERVEZA BOTELLA X 730 PATAGONIA AMBER;CERVEZA;5200
7792798010882;CERVEZA BOTELLA X 730 PATAGONIA VERA IPA;CERVEZA;5200
754697498861;CERVEZA CARDIFF X500 IPA;CERVEZA;2800
076625252261;CERVEZA CARDIFF X500 PILSEN LAGER;CERVEZA;2800
076625252254;CERVEZA CARDIFF X500 PORTER NEGRA;CERVEZA;2800
736684271299;CERVEZA CARDIFF X500 RED LAGER;CERVEZA;2800
5741000007709;CERVEZA FAXE 10% X1000;CERVEZA;15000
5741000107829;CERVEZA FAXE PREMIUM X1000;CERVEZA;15000
4004591037441;CERVEZA KAISERDOM X1000 DARK;CERVEZA;14500
4004591037557;CERVEZA KAISERDOM X1000 KELLERBIER;CERVEZA;14500
4004591037366;CERVEZA KAISERDOM X1000 NATURTRUB;CERVEZA;14500
4004591037038;CERVEZA KAISERDOM X1000 PILSENER;CERVEZA;14500
4004591039452;CERVEZA KAISERDOM X440 SMOKED BEER;CERVEZA;6800
4004591039469;CERVEZA KAISERDOM X440 STRONG;CERVEZA;6800
7798357500016;CERVEZA LA PALOMA X 473 GOLDEN COFFE;CERVEZA;3500
7798357500382;CERVEZA LA PALOMA X473 AAA ROJA;CERVEZA;4200
7798357500054;CERVEZA LA PALOMA X473 AMBER ALE;CERVEZA;3500
7798357500047;CERVEZA LA PALOMA X473 CREAM ALE;CERVEZA;3500
7798357500115;CERVEZA LA PALOMA X473 EXPORT STOUT;CERVEZA;3500
7798357500368;CERVEZA LA PALOMA X473 HAZY IPA;CERVEZA;4200
7798357500351;CERVEZA LA PALOMA X473 HONEY;CERVEZA;3500
7798357500078;CERVEZA LA PALOMA X473 IPA 01;CERVEZA;4200
7798357500108;CERVEZA LA PALOMA X473 IPA 02;CERVEZA;4200
7798357500061;CERVEZA LA PALOMA X473 RUTA 11;CERVEZA;3900
7798357500252;CERVEZA LA PALOMA X473 SPRING IPA;CERVEZA;3900
8714800004114;CERVEZA LATA BAVARIA X500 86 ORIGINAL;CERVEZA;3700
7798339251509;CERVEZA LATA GUINNESS X 473 EXTRA STOUT;CERVEZA;4100
8412598008801;CERVEZA LATA X 330 ESTRELLA GALICIA S.GLUTEN;CERVEZA;3400
8412598007767;CERVEZA LATA X 330 ESTRELLA GALICIA TOSTADA 0.0;CERVEZA;3400
7792798013951;CERVEZA LATA X 473 1890 RUBIA;CERVEZA;1500
7793147573546;CERVEZA LATA X 473 AMSTEL;CERVEZA;1800
7792798002726;CERVEZA LATA X 473 ANDES IPA;CERVEZA;2300
7792798002320;CERVEZA LATA X 473 ANDES NEGRA;CERVEZA;2300
7792798992317;CERVEZA LATA X 473 ANDES ROJA;CERVEZA;2300
7792798999866;CERVEZA LATA X 473 ANDES RUBIA;CERVEZA;2300
7798091030268;CERVEZA LATA X 473 ANTARES CARAVANA;CERVEZA;3600
7798091030299;CERVEZA LATA X 473 ANTARES HONEY;CERVEZA;3600
7798091030510;CERVEZA LATA X 473 ANTARES IPA;CERVEZA;3600
7798091030329;CERVEZA LATA X 473 ANTARES KOLSCH;CERVEZA;3600
7798091030527;CERVEZA LATA X 473 ANTARES LAGER;CERVEZA;3600
7798091030350;CERVEZA LATA X 473 ANTARES PLAYA GRANDE;CERVEZA;3600
7798091030343;CERVEZA LATA X 473 ANTARES SCOTCH;CERVEZA;3600
7792798005888;CERVEZA LATA X 473 BRAHMA;CERVEZA;2300
7792798015344;CERVEZA LATA X 473 CORONA SIN ALCOHOL;CERVEZA;2900
7898953990157;CERVEZA LATA X 473 ESTRELLA GALICIA LAGER;CERVEZA;3900
7793147570866;CERVEZA LATA X 473 GROLSCH;CERVEZA;2200
7793147009199;CERVEZA LATA X 473 HEINEKEN;CERVEZA;2800
7793147574093;CERVEZA LATA X 473 HEINEKEN SIN ALCOHOL;CERVEZA;2500
7793147571160;CERVEZA LATA X 473 IMPERIAL APA;CERVEZA;2300
7793147571689;CERVEZA LATA X 473 IMPERIAL GOLDEN;CERVEZA;2300
7793147572822;CERVEZA LATA X 473 IMPERIAL GOLDEN SIN ACOHOL;CERVEZA;1500
7793147570743;CERVEZA LATA X 473 IMPERIAL IPA;CERVEZA;2300
7793147572723;CERVEZA LATA X 473 IMPERIAL ROJA;CERVEZA;2300
7793147573324;CERVEZA LATA X 473 IMPERIAL RUBIA;CERVEZA;2000
7793147001742;CERVEZA LATA X 473 IMPERIAL STOUT;CERVEZA;2300
7793147573515;CERVEZA LATA X 473 ISENBECK;CERVEZA;1500
7792798014019;CERVEZA LATA X 473 MICHELOB SIN TACC;CERVEZA;2200
7793147573386;CERVEZA LATA X 473 MILLER;CERVEZA;2100
7798339253466;CERVEZA LATA X 473 PAMPA LAGER;CERVEZA;2700
7792798001972;CERVEZA LATA X 473 PATAGONIA 24.7;CERVEZA;3300
7792798009107;CERVEZA LATA X 473 QUILMES 0.0;CERVEZA;1600
7792798001316;CERVEZA LATA X 473 QUILMES STOUT;CERVEZA;2200
7793147118860;CERVEZA LATA X 473 SCHNEIDER;CERVEZA;1800
042572045164;CERVEZA LATA X 473 SCHOFFER ANANA TRIGO;CERVEZA;6100
4053400279398;CERVEZA LATA X 473 SCHOFFER POMELO TRIGO;CERVEZA;6100
042572041012;CERVEZA LATA X 473 SCHOFFER SANDIA TRIGO;CERVEZA;6100
7792798010615;CERVEZA LATA X 473 STELLA;CERVEZA;2800
7792798010639;CERVEZA LATA X 473 STELLA NOIRE;CERVEZA;2800
7792798013487;CERVEZA LATA X 473 STELLA SIN ACOHOL;CERVEZA;2500
7793147570927;CERVEZA LATA X 473 WARSTEINER;CERVEZA;2200
8718104902350;CERVEZA LATA X 473 WEIDMANN TRIGO;CERVEZA;5100
4052197001281;CERVEZA LATA X 500 BENEDIKTINER TRIGO;CERVEZA;4900
4053400277691;CERVEZA LATA X 500 SCHOFFERHOFFER TRIGO;CERVEZA;5800
7792798015511;CERVEZA LATON X 710 1890;CERVEZA;2200
7793147571283;CERVEZA LATON X 710 HEINEKEN;CERVEZA;4400
7792798014835;CERVEZA LATON X 710 QUILMES CLASICA;CERVEZA;2700
7793147570606;CERVEZA LATON X 710 SCHNEIDER;CERVEZA;2800
7798163520468;CERVEZA LESTER X 330 SIN TACC;CERVEZA;3000
7792798015207;CERVEZA PACK X4 CORONA SIN ALCOHOL;CERVEZA;8000
458451561;CERVEZA PACK X4 LATON QUILMES 1890;CERVEZA;8000
7792798014842;CERVEZA PACK X4 LATON QUILMES RUBIA;CERVEZA;9500
4002103322542;CERVEZA PORRON ERDINGER X 500 TRIGO;CERVEZA;9500
7792798003709;CERVEZA PORRON X 330 CORONA;CERVEZA;2900
7792798014873;CERVEZA PORRON X 330 CORONA SIN ALCOHOL;CERVEZA;2200
7753749003025;CERVEZA PORRON X 330 CUSQUEñA TRIGO;CERVEZA;4200
7793147009137;CERVEZA PORRON X 330 HEINEKEN;CERVEZA;2800
7793147574109;CERVEZA PORRON X 330 IMPERIAL GOLDEN;CERVEZA;2000
7793147570231;CERVEZA PORRON X 330 MILLER;CERVEZA;2000
7792798010578;CERVEZA PORRON X 330 STELLA;CERVEZA;2500
7792798013470;CERVEZA PORRON X 330 STELLA CERO ALCOHOL;CERVEZA;2400
7898953990140;CERVEZA PORRON X 355 ESTRELLA GALICIA;CERVEZA;3500
7792798003723;CERVEZA SIXPACK X 330 CORONA PORRON;CERVEZA;15600
7793147009243;CERVEZA SIXPACK X 330 HEINEKEN PORRON;CERVEZA;14900
7793147574116;CERVEZA SIXPACK X 330 IMPERIAL GOLDEN;CERVEZA;10800
7793147573508;CERVEZA SIXPACK X 330 MILLER PORRON;CERVEZA;10800
7792798010585;CERVEZA SIXPACK X 330 STELLA PORRON;CERVEZA;13200
7792798013500;CERVEZA SIXPACK X 330 STELLA PORRON CERO;CERVEZA;12600
7898953990034;CERVEZA SIXPACK X 355 ESTRELLA GALICIA PORRON;CERVEZA;22100
7793147118846;CERVEZA SIXPACK X 473 BUDWEISER;CERVEZA;10500
454357347;CERVEZA SIXPACK X 473 PAMPA LAGER;CERVEZA;16100
7792798001927;CERVEZA SIXPACK X 473 PATAGONIA 24.7;CERVEZA;15600
5645146521546;CERVEZA SIXPACK X 473 STELLA ARTOIS NOIRE NEGRA;CERVEZA;14900
1457137411;CERVEZA SIXPACK X473 1890 RUBIA;CERVEZA;7900
7793147572051;CERVEZA SIXPACK X473 AMSTEL LAGER;CERVEZA;9500
7792798002788;CERVEZA SIXPACK X473 ANDES IPA;CERVEZA;12600
7792798002344;CERVEZA SIXPACK X473 ANDES NEGRA;CERVEZA;12600
7792798002337;CERVEZA SIXPACK X473 ANDES ROJA;CERVEZA;12600
7792798001712;CERVEZA SIXPACK X473 ANDES RUBIA;CERVEZA;12600
7792798005970;CERVEZA SIXPACK X473 BRAHMA;CERVEZA;12300
7792798015351;CERVEZA SIXPACK X473 CORONA SIN ALCOHOL LATA;CERVEZA;15800
7793147572242;CERVEZA SIXPACK X473 GROLSCH;CERVEZA;11800
7793147573164;CERVEZA SIXPACK X473 HEINEKEN;CERVEZA;15200
7793147574161;CERVEZA SIXPACK X473 HEINEKEN SIN ALCOHOL;CERVEZA;13400
7793147572280;CERVEZA SIXPACK X473 IMPERIAL APA;CERVEZA;12300
7793147572266;CERVEZA SIXPACK X473 IMPERIAL CREAM STOUT;CERVEZA;12300
7793147572297;CERVEZA SIXPACK X473 IMPERIAL GOLDEN;CERVEZA;12300
7793147573287;CERVEZA SIXPACK X473 IMPERIAL GOLDEN SIN ALCOHOL;CERVEZA;7500
7793147572273;CERVEZA SIXPACK X473 IMPERIAL IPA;CERVEZA;12300
7793147573331;CERVEZA SIXPACK X473 IMPERIAL LAGER;CERVEZA;10800
7793147572754;CERVEZA SIXPACK X473 IMPERIAL ROJA;CERVEZA;12300
465465468835;CERVEZA SIXPACK X473 ISENBECK;CERVEZA;7800
7792798014026;CERVEZA SIXPACK X473 MICHELOB;CERVEZA;11800
7793147573423;CERVEZA SIXPACK X473 MILLER;CERVEZA;11200
7792798012947;CERVEZA SIXPACK X473 QUILMES;CERVEZA;10800
7792798009114;CERVEZA SIXPACK X473 QUILMES 0.0 SIN ALCOHOL;CERVEZA;8400
7792798001323;CERVEZA SIXPACK X473 QUILMES STOUT;CERVEZA;12000
7793147571856;CERVEZA SIXPACK X473 SCHNEIDER;CERVEZA;9500
7792798010592;CERVEZA SIXPACK X473 STELLA ARTOIS;CERVEZA;14900
7792798010745;CERVEZA SIXPACK X473 STELLA NOIRE;CERVEZA;15000
7792798013494;CERVEZA SIXPACK X473 STELLA SIN ACOHOL;CERVEZA;13100
7793147572303;CERVEZA SIXPACK X473 WARSTEINER;CERVEZA;11000
7793147572488;CERVEZA SIXPACK X710 HEINEKEN LATON;CERVEZA;24000
1121214132;CERVEZA SIXPACK X710 SCHNEIDER LATON;CERVEZA;14900
4004591137363;ESTUCHE CERVEZA KAISERDOM + CHOPP DE 1LT;CERVEZA;40600
4004591137448;ESTUCHE CERVEZA KAISERDOM DARK + VASO;CERVEZA;40600
4004591137554;ESTUCHE CERVEZA KAISERDOM KELLERBIER + VASO;CERVEZA;40600
4004591137035;ESTUCHE CERVEZA KAISERDOM PILSEN + VASO;CERVEZA;40600
7798357500344;SET CERVEZA LA PALOMA X 3 LATAS+ VASO;CERVEZA;25800
714604087847;ALFAJOR BRAGADITO BLANCO;CHOCOLATES;2500
714604087830;ALFAJOR BRAGADITO NEGRO;CHOCOLATES;2500
754697454287;ALFAJOR MONJE NEGRO BLANCO;CHOCOLATES;1700
758890949052;ALFAJOR MONJE NEGRO CACAO INTENSO;CHOCOLATES;1700
758290949058;ALFAJOR MONJE NEGRO CACAO INTENSO;CHOCOLATES;1700
754697454270;ALFAJOR MONJE NEGRO CLASICO;CHOCOLATES;1700
417;ALMENDRAS CON CHOCO X100 GR;CHOCOLATES;4200
CERICET;BOCADITO CERICET;CHOCOLATES;2300
8002873018030;BOMBONES AMARETTI CAJA X150 CRUNCH;CHOCOLATES;19200
8002873022532;BOMBONES AMARETTI CAJA X175 CHOCOLATE;CHOCOLATES;19200
8002873018481;BOMBONES AMARETTI CAJA X75;CHOCOLATES;10700
8002873018498;BOMBONES AMARETTI CAJA X75 SOFT;CHOCOLATES;10900
8002873022556;BOMBONES AMARETTI X145GR SOFT;CHOCOLATES;19200
8000300392371;BOMBONES BACI X 50G CLASSICO;CHOCOLATES;19300
8002325650702;BOMBONES BOERO CAJA X200 CEREZA;CHOCOLATES;32600
8002873015046;BOMBONES PISTACCHIETTI CAJA X120GR;CHOCOLATES;10700
8002325572080;BOMBONES VERGANI BIANCO NERO X 180;CHOCOLATES;20400
8002325650245;BOMBONES VERGANI BOERO X100 CEREZA;CHOCOLATES;10300
8002325611826;BOMBONES VERGANI CHOCO PASSION X 120 CHOCO Y MENTA;CHOCOLATES;12400
8002325571304;BOMBONES VERGANI DUBAI STYLE X 180;CHOCOLATES;20400
8002325670328;BOMBONES VERGANI LIMONCELLO X 200;CHOCOLATES;18800
8002325670205;BOMBONES VERGANI RUM CHOCOLATE X 200;CHOCOLATES;19100
8002325624246;BOMBONES VERGANI TARTUFO X 150;CHOCOLATES;15700
8002325611659;BOMBONES VERGANI WHITE PASSION X 12;CHOCOLATES;12200
8410740925969;BOMBONES X 160 LA CASA SURTIDOS;CHOCOLATES;16000
7798128002466;CACHAFAZ BOCADITOS X 6 UNIDADES;CHOCOLATES;6000
77972880;CACHAFAZ PISTACHINO;CHOCOLATES;1000
7622201818692;CHOC CADBURY X 162 FRUTILLA;CHOCOLATES;13000
7622201818609;CHOC CADBURY X 25 INTENSO;CHOCOLATES;2800
7622201818579;CHOC CADBURY X 25 TRES SUEñOS;CHOCOLATES;2800
7622201818654;CHOC CADBURY X 29 FRUTILLA;CHOCOLATES;2800
7622201818715;CHOC CADBURY X 82 FRUTILLA;CHOCOLATES;6400
7622201818739;CHOC CADBURY X 82 TRES SUEñOS;CHOCOLATES;6400
7891000248799;CHOC KITKAT X 41 CHOCOLATE;CHOCOLATES;2900
7622202306808;CHOC MILKA BOMBONES X110 AVELLANA;CHOCOLATES;8800
7622202306839;CHOC MILKA BOMBONES X110 VAINILLA;CHOCOLATES;8800
7622201492465;CHOC MILKA CHOCO PAUSE X 40 OREO;CHOCOLATES;2700
7622201492717;CHOC MILKA CHOCO PAUSE X40 LECHE;CHOCOLATES;2700
7622201818975;CHOC MILKA LEGER X50 ALMENDRA;CHOCOLATES;3900
7622201818951;CHOC MILKA LEGER X50 COMBINADO;CHOCOLATES;3900
7622201818937;CHOC MILKA LEGER X50 LECHE;CHOCOLATES;3900
7622300631574;CHOC MILKA X 100 OREO;CHOCOLATES;10600
7622300590062;CHOC MILKA X 100 RASPBERRY;CHOCOLATES;10600
7622202257599;CHOC MILKA X 100 WHOLE HAZENUT;CHOCOLATES;10600
7622201812805;CHOC MILKA X 110 LEGER ALMENDRAS;CHOCOLATES;8200
7622201812775;CHOC MILKA X 110 LEGER COMBINADO;CHOCOLATES;8200
7622201812744;CHOC MILKA X 110 LEGER LECHE;CHOCOLATES;8200
7622300990114;CHOC MILKA X 150 LECHE;CHOCOLATES;11400
7622300990152;CHOC MILKA X 155 ALMENDRAS;CHOCOLATES;11400
7622300990183;CHOC MILKA X 155 CASTAñAS CARAMELO;CHOCOLATES;11400
7622300990213;CHOC MILKA X 155 OREO;CHOCOLATES;11400
7622210745132;CHOC MILKA X 55 OREO BLANCO;CHOCOLATES;3900
7622210795625;CHOC MILKA X20 LECHE;CHOCOLATES;1500
7622210795908;CHOC MILKA X20 OREO;CHOCOLATES;1500
7622210745620;CHOC MILKA X55 ALMENDRAS;CHOCOLATES;3900
7622210745583;CHOC MILKA X55 BLANCO;CHOCOLATES;3900
7622202328947;CHOC MILKA X55 LECHE;CHOCOLATES;3900
7622201745608;CHOC OREO BAñADA X 119 G BLANCO;CHOCOLATES;5200
7622201740368;CHOC OREO BAñADA X 119 G CHOCOLATE;CHOCOLATES;5200
7622300424084;CHOC SHOT X 170G;CHOCOLATES;8600
77914217;CHOC SHOT X35;CHOCOLATES;2000
77983992;CHOC SHOT X35 BLANCO;CHOCOLATES;2000
7622202333255;CHOC SHOT X90;CHOCOLATES;4800
7614500010013;CHOC TOBLERONE X 100;CHOCOLATES;11300
987;DULCE DE ARANDANOS X450 CANCIAN;CHOCOLATES;9300
52636236;DULCE DE LECHE TOFI X 450 PORTEZUELO;CHOCOLATES;8800
765;DULCE DE LECHE X450 CANCIAN;CHOCOLATES;5800
7898024396994;FERRERO X 12;CHOCOLATES;19900
8000500009673;FERRERO X 24;CHOCOLATES;36900
78909434;FERRERO X 3;CHOCOLATES;4600
7898024397861;FERRERO X 4;CHOCOLATES;6700
7861002900117;FERRERO X 8;CHOCOLATES;13200
7622202839962;GALLETITAS TERRABUSSI X390;CHOCOLATES;2900
7891000392775;GAROTO X 250;CHOCOLATES;8300
418;GARRAPIñADAS ALMENDRA X100GR;CHOCOLATES;2400
7622300335076;HABANITO TERRABUSI X 60G;CHOCOLATES;3400
548561456;HUEVO GRANDE FERRERO X 225;CHOCOLATES;30000
41568874568;HUEVO KINDER GRANDE X 150 ROSA;CHOCOLATES;25000
45125215215;HUEVO KINDER X 100 PLAYMOVIL;CHOCOLATES;18800
80761761;KINDER BUENO BLANCO X 43;CHOCOLATES;4000
80052760;KINDER BUENO X 43G;CHOCOLATES;4000
7622201816445;MANTECOL X 64G;CHOCOLATES;2000
7622300335090;RHODESIA MINI X 60G;CHOCOLATES;3400
040000001058;SNICKERS X 40G ALMENDRAS;CHOCOLATES;4300
7506174512248;SNICKERS X 48G ORIGINAL;CHOCOLATES;4300
7613032596668;BOMBONES AFTER EIGTH MENTA Y CHOCOLATE;CHOCOLATES CAROS;24900
8000300394382;BOMBONES BACI X 100G CLASSICO;CHOCOLATES CAROS;23800
8000300418224;BOMBONES BACI X 150G ASSORTITO;CHOCOLATES CAROS;36200
8002873021931;BOMBONES LATA AMARETTI X100 LIMON PISTACHO;CHOCOLATES CAROS;31000
8002873021924;BOMBONES LATA AMARETTI X120 CHOCOLATE;CHOCOLATES CAROS;31000
8002873018016;BOMBONES LATA AMARETTI X175;CHOCOLATES CAROS;31600
8002873018313;BOMBONES LATA AMARETTI X180 SOFT;CHOCOLATES CAROS;21100
8002873018320;BOMBONES LATA AMARETTI X180GR LIMON;CHOCOLATES CAROS;21100
8002873021900;BOMBONES LATA AMARETTI X200 SOFT ROMA;CHOCOLATES CAROS;31000
8002873018207;BOMBONES LATA AMARETTI X210 LATA GRANDE;CHOCOLATES CAROS;38300
8002873020071;BOMBONES LATA AMERETTI X225GR AMARETTINI;CHOCOLATES CAROS;26300
8002873021917;BOMBONES LATA CANTUCCINI X200GR;CHOCOLATES CAROS;31000
8002325582935;BOMBONES LATA VERGANI X 100 CAPPUCCINO;CHOCOLATES CAROS;28500
8002325600844;BOMBONES LATA VERGANI X 100 CHOCOLATE Y AVELLANA;CHOCOLATES CAROS;28500
8002325583048;BOMBONES LATA VERGANI X 100 LATE;CHOCOLATES CAROS;28500
8002325670250;BOMBONES LATA VERGANI X 100 LIMONCHELO;CHOCOLATES CAROS;28500
8002325582959;BOMBONES LATA VERGANI X 100 TIRAMISU;CHOCOLATES CAROS;28500
8002325024701;BOMBONES LATA VERGANI X 100 TURRON Y ALMENDRAS;CHOCOLATES CAROS;35000
8002325640789;BOMBONES LATA VERGANI X 120 GIANDUIOTTI;CHOCOLATES CAROS;28500
8003340801919;BOMBONES LINDOR X 160G;CHOCOLATES CAROS;26700
8003340807775;BOMBONES LINDT X 137 ASSORTED;CHOCOLATES CAROS;22800
8003340807751;BOMBONES LINDT X 137 MILK;CHOCOLATES CAROS;23700
8002325026330;BOMBONES VERGANI BAUTINO X 170;CHOCOLATES CAROS;26200
8002325650542;BOMBONES VERGANI BOERO X170 CEREZA;CHOCOLATES CAROS;17200
8002325611741;BOMBONES VERGANI CAJA X200 CHOCO PASSION;CHOCOLATES CAROS;32500
8002325611703;BOMBONES VERGANI CAJA X200 WHITE PASSION;CHOCOLATES CAROS;32500
8002325611864;BOMBONES VERGANI CHOCO PASION X 120 CARAMELO;CHOCOLATES CAROS;12400
8002325670786;BOMBONES VERGANI CREMA WHISKY X 200;CHOCOLATES CAROS;18800
8002325572936;BOMBONES VERGANI IL FONDENTE X 180;CHOCOLATES CAROS;20400
8002325572356;BOMBONES VERGANI PRALINA X 175 PISTACHIO;CHOCOLATES CAROS;24500
7610400074155;CHOC LINDOR X 100 EXTRA DARK;CHOCOLATES CAROS;12500
7610400068369;CHOC LINDOR X 100 HAZELNUT;CHOCOLATES CAROS;12500
7622210732507;CHOC MILKA X 300 ALMOND CARAMEL;CHOCOLATES CAROS;30600
7622300757717;CHOC MILKA X 300 BUBBLY CARAMEL;CHOCOLATES CAROS;30600
7622300134532;CHOC MILKA X 300 CAR Y AV;CHOCOLATES CAROS;30600
9012200872739;CHOC MILKA X 300 CHOCO SWING;CHOCOLATES CAROS;30600
7622210277503;CHOC MILKA X 300 OREO;CHOCOLATES CAROS;30600
7622210678171;CHOC MILKA X 300 STRAWBERRY;CHOCOLATES CAROS;30600
8410740906128;CHOCOLATE LACASA 70 CACAO;CHOCOLATES CAROS;7400
7898024397151;FERRERO COLECCION X77;CHOCOLATES CAROS;14500
7898024398448;HUEVO FERRERO X 137;CHOCOLATES CAROS;19000
7797394000282;HUEVO FERRERO X 225;CHOCOLATES CAROS;30000
8000500020012;HUEVO KINDER GRANDE AZUL;CHOCOLATES CAROS;25000
7898024395706;HUEVO KINDER GRANDE ROSA;CHOCOLATES CAROS;25000
5861465851465;HUEVO KINDER GRANDE X 150 AZUL;CHOCOLATES CAROS;25000
7797394002644;HUEVO KINDER X 100  PLAYMOVIL AZUL;CHOCOLATES CAROS;18800
7790206034109;HUEVO MARROC X 200;CHOCOLATES CAROS;22300
13;LATA JACOBSEN 16;CHOCOLATES CAROS;220
8410223710297;TURRON DELAVIUDA X 150G BLANDO;CHOCOLATES CAROS;19600
8410223710280;TURRON DELAVIUDA X 150G DURO;CHOCOLATES CAROS;19600
8410223720012;TURRON DELAVIUDA X 200G TORTA IMPERIAL;CHOCOLATES CAROS;27500
8410223700847;TURRON DELAVIUDA X 200G YEMA TOSTADA;CHOCOLATES CAROS;19600
789912212;COMBO CAMPARI + BAGGIO;COMBOS Y OFERTAS;12900
1234561;COMBO CARPANO + SODA 1.5;COMBOS Y OFERTAS;9900
222552;COMBO FERNET 1LT + COCA 2.25;COMBOS Y OFERTAS;25500
151515;COMBO FERNET 750 + COCA 1,5;COMBOS Y OFERTAS;19000
22227;COMBO GANCIA + SPRITE 2.25;COMBOS Y OFERTAS;12500
2321311512F;COMBO GIN BEEFEATER X700 + SCHWEPPES 1,5;COMBOS Y OFERTAS;25500
141414;COMBO GIN BLU + PASO DE LOS TOROS 1,5;COMBOS Y OFERTAS;18500
78785;COMBO GIN BRIGHTON + SCHWEPPES 1.5;COMBOS Y OFERTAS;11900
471145;COMBO GIN MERLE + PASO 1,5;COMBOS Y OFERTAS;11500
64165634;COMBO GIN MONTES + CUNNINGTON;COMBOS Y OFERTAS;12500
78782;COMBO HAVANA + COCA 1.5;COMBOS Y OFERTAS;17900
745411;COMBO HODLMOSER + 4 SPEED + FRAPERA;COMBOS Y OFERTAS;55200
78781;COMBO JAMESON + SPRITE 1.5;COMBOS Y OFERTAS;32900
55547;COMBO LIASON X 2 + 4 SPEED + FRAPERA;COMBOS Y OFERTAS;48900
78786;COMBO MALIBU + BAGGIO 1LT;COMBOS Y OFERTAS;16900
8445292133807;COMBO NESCAFE + TAZA;COMBOS Y OFERTAS;21100
2020;COMBO RUNA + 2 TANGO;COMBOS Y OFERTAS;10000
161616;COMBO SERNOVA TODOS + 2 SPEED CHICO;COMBOS Y OFERTAS;11900
524156746453;COMBO SERNOVA TODOS + 2 TANGO;COMBOS Y OFERTAS;10500
5684158645864;COMBO VERMUT MONTES + CUNNINGTON;COMBOS Y OFERTAS;8900
51712144;OFERTA ARBOL DE MARIPOSAS X 2;COMBOS Y OFERTAS;24000
52151412121;OFERTA BRESSANO X 750 + COPA DE REGALO;COMBOS Y OFERTAS;39900
5644712512;OFERTA CASA BOHER AGRELLO/SAN PABLO X2;COMBOS Y OFERTAS;22000
546541212;OFERTA CASA BOHER CLASICOS X2;COMBOS Y OFERTAS;19500
5216465;OFERTA CORDERO X 2;COMBOS Y OFERTAS;8500
5473464;OFERTA COSECHA X 2;COMBOS Y OFERTAS;9000
5424415;OFERTA DV CATENA BLEND X 2;COMBOS Y OFERTAS;22000
57154515211;OFERTA ESPUMANTE CASA BOHER X 2;COMBOS Y OFERTAS;20000
44524;OFERTA ESPUMANTE SALENTEIN (NO BLANC DE BLANC) X 2;COMBOS Y OFERTAS;22000
151521212;OFERTA FABRE RESERVA X 2;COMBOS Y OFERTAS;19000
47848512512;OFERTA GASCON ROBLE X 2;COMBOS Y OFERTAS;12800
517110002;OFERTA GIN MONTES X 2;COMBOS Y OFERTAS;15000
1547811521;OFERTA HERMANDAD CLASICO X 2;COMBOS Y OFERTAS;35000
5145641511;OFERTA INFAME X 2;COMBOS Y OFERTAS;5500
1239192832;OFERTA PORTILLO TODOS X 2;COMBOS Y OFERTAS;9000
2618711454;OFERTA ROSELL BRUT X 2;COMBOS Y OFERTAS;35000
171515141;OFERTA ROSELL CUVEE X 2;COMBOS Y OFERTAS;70000
6548451;OFERTA ROSELL ENCARNACION X 2;COMBOS Y OFERTAS;45000
581781511;OFERTA ROSELL ROSE X 2;COMBOS Y OFERTAS;50000
748646776;OFERTA SAINT FELICIEN X 2;COMBOS Y OFERTAS;16500
54848111;OFERTA SALENTEIN RESERVA X 2 (NO BLEND);COMBOS Y OFERTAS;20000
54678574;OFERTA SANTA JULIA X 2;COMBOS Y OFERTAS;11000
6511121412;OFERTA SIXPACK CORONA PORRON + TABLA;COMBOS Y OFERTAS;17300
PROMO1;PROMO 4 MONOS X 4;COMBOS Y OFERTAS;12800
1313;PROMO HODLMOSER CAVA + 4 SPEED;COMBOS Y OFERTAS;55200
1212;PROMO LIASON;COMBOS Y OFERTAS;48900
45645674;PROMO RENAISSENCE + 2 SPEED;COMBOS Y OFERTAS;11900
57145;AIREADOR CHICO;CRISTALERIA ETC;10800
58447;AIREADOR GRANDE;CRISTALERIA ETC;46500
7792281985017;COCTELERA ACERO INOXIDABLE X 850ML;CRISTALERIA ETC;14300
854;COPA APEROL ROJA;CRISTALERIA ETC;8300
7891155047162;COPA CERVEZA X 400 ML BRUNELLO;CRISTALERIA ETC;3500
7891155008330;COPA CHAMPAGNE WINDSOR BASE REDONDA;CRISTALERIA ETC;2700
12311222211;COPA DE DEGUSTACION BOHEMIA X 210;CRISTALERIA ETC;11900
548711;COPA DUBLIN HEINEKEN;CRISTALERIA ETC;7200
8025;COPA GIN BEEFEATER;CRISTALERIA ETC;10800
8015;COPA GIN BEEFEATER PINK;CRISTALERIA ETC;10800
11444411;COPA GIN BOMBAY CELESTE;CRISTALERIA ETC;10800
4477111;COPA GIN BOMBAY CRISTAL;CRISTALERIA ETC;12500
7891155056584;COPA GIN BULLDOG NEGRA;CRISTALERIA ETC;10800
789115505658;COPA GIN TRANSPARENTE;CRISTALERIA ETC;4000
7891155036418;COPA MARTINI;CRISTALERIA ETC;4000
45487788;COPA STELLA 330;CRISTALERIA ETC;11900
7891155040866;COPA VINO BARONE X490 REDONDA;CRISTALERIA ETC;3500
7891155047131;COPA VINO BRUNELLO X490 CUADRADA;CRISTALERIA ETC;3500
9131;COPA VINO CATENA ZAPATA;CRISTALERIA ETC;8700
21112026;COPA VINO CRISTAL BOHEMIA  X480;CRISTALERIA ETC;11600
21112025;COPA VINO CRISTAL RONA  X560;CRISTALERIA ETC;16200
3338;COPA VINO CRISTAL SWAN  X 560;CRISTALERIA ETC;17100
2202520;COPA VINO LUIGI BOSCA;CRISTALERIA ETC;10200
4499;COPA VINO RONA LORD X510;CRISTALERIA ETC;16200
2000202327866;CUCHARA COCKTEIL RETORCIDA 40 CM;CRISTALERIA ETC;8500
7891155054085;DECANTADOR DE MALBEC X1LT;CRISTALERIA ETC;5300
7792281510417;FRAPERA DE HIELO CHICA;CRISTALERIA ETC;9100
777;MEDIDOR DE ACERO;CRISTALERIA ETC;14300
1427;MEDIDOR DE ACERO CHICO;CRISTALERIA ETC;8800
040;PINZA PARA HIELO ACERO INOXIDABLE;CRISTALERIA ETC;4100
08;PINZA PARA HIELO ESTRELLA;CRISTALERIA ETC;3300
7792281910651;SACACORCHOS CAROL;CRISTALERIA ETC;4500
6956451115258;TAPON PARA ESPUMANTES;CRISTALERIA ETC;5400
20;VASO BOMBE;CRISTALERIA ETC;8600
7891155008033;VASO BRISTOL ROCK;CRISTALERIA ETC;2300
7891155032458;VASO CERVEZA LARGO 680ML JOINVILLE;CRISTALERIA ETC;4700
7791822600631;VASO CHOPP RIGOLLEAU;CRISTALERIA ETC;6800
321;VASO FERNET NEGRO;CRISTALERIA ETC;7900
70;VASO FERNET TRANSPARENTE;CRISTALERIA ETC;7900
5555;VASO GIGANTE X 3LT;CRISTALERIA ETC;28900
21381623;VASO JAGER BLANCO Y VERDE;CRISTALERIA ETC;6400
7791822688462;VASO PINTA RIGOLLEAU;CRISTALERIA ETC;2200
444;VASO QUILMES CAMP;CRISTALERIA ETC;2000
346;VASO RUNA;CRISTALERIA ETC;3900
V;VASO SCHNEIDER GIMNASIA O ESTUDIANTES;CRISTALERIA ETC;3500
150;VASO SHOT CON LOGOS;CRISTALERIA ETC;3700
7791822389406;VASO SHOT TEQUILERO;CRISTALERIA ETC;1500
213214151;VASO STOUT CORONA;CRISTALERIA ETC;6500
3313;VASO TRAGO LARGO X 400;CRISTALERIA ETC;8000
563;VASO VODKA SKYY;CRISTALERIA ETC;8500
8877;VASO WHISKY ELYSIA X365;CRISTALERIA ETC;7600
451;VASO WHISKY FONDO HUECO;CRISTALERIA ETC;7600
3314;VASO WHISKY IDEAL;CRISTALERIA ETC;12500
VASW;VASO WHISKY IDEAL BOHEMIA;CRISTALERIA ETC;11500
9;VASO WHISKY ISLANDE ROBUSTO COD9;CRISTALERIA ETC;8000
56;VASO WHISKY JACK DANIELS;CRISTALERIA ETC;8700
23112;VASO WHISKY JW BLUE Y RED LABEL;CRISTALERIA ETC;9700
3312;VASO WHISKY LABRADO BROADWAY;CRISTALERIA ETC;8900
12;VASO WHISKY LABRADO CUDRADO;CRISTALERIA ETC;8900
325;VASO WHISKY LABRADO X 325ML;CRISTALERIA ETC;3400
3379974200905;ABSENTA ABSINTHE X 750;DESTILADOS;127200
7798167920172;ABSENTA LA TOUR TURNE X 750 VERDE;DESTILADOS;35300
4400065406100;ALTMEISTER X 700;DESTILADOS;28000
8000400203782;AMARO AVERNA X 700;DESTILADOS;53700
6001495062508;AMARULA X 750ML;DESTILADOS;33200
7790260006029;AMERICAN CLUB X 750 PIÑA COLADA;DESTILADOS;8500
7790260009013;ANIS SHAMI X 930;DESTILADOS;12300
8007117010061;APERITIVO COCCHI X 700 AMERICANO BLANCO;DESTILADOS;53700
3012997653104;BRANDY BARDINET X 700;DESTILADOS;27000
7896050200131;CACHACA VELHO BARREIRO;DESTILADOS;7900
7898953842036;CACHACA YAGUARA X 750;DESTILADOS;41400
3297364075288;CALVADOS CHRISTIAN DROUIN X 700;DESTILADOS;124200
023;CHELO LIMONCHELO;DESTILADOS;19900
781159026720;CHELO LIMONCHELO;DESTILADOS;19900
035;CHELO MARACUCHELO X 750;DESTILADOS;20800
7798167920097;COCO BONGO X 750 COCO;DESTILADOS;12000
7798167920493;COCO BONGO X 750 UVA;DESTILADOS;12000
3428681004105;COGNAC FRANCES BACHE X 700 TRE KORS;DESTILADOS;81800
3428681000602;COGNAC FRANCES BACHE X 700 VSOP;DESTILADOS;123200
3018300000245;COGNAC GRAND MARNIER FRANCES;DESTILADOS;51600
7790197120218;COGNAC RESERVA SAN JUAN X750;DESTILADOS;11400
7798167920431;DAMONJAG BOX BOTELLA 1000ML + X2 SHOTS;DESTILADOS;52000
7798167920370;DAMONJAG X1000;DESTILADOS;30700
7798167920486;DAMONJAG X473 STEEL BOTTLE;DESTILADOS;11900
8001110016303;DISARONNO X 700 AMARETTO;DESTILADOS;41800
4573473473;ELEVEN STREET TRIPLE SEC NARANJA;DESTILADOS;22400
7791200200750;ESTUCHE APEROL + CINZANO TO SPRITZ;DESTILADOS;17700
4073637386449;ESTUCHE GIN ACONCAGUA MUNDIALISTA;DESTILADOS;36400
7792410779531;ESTUCHE GIN BEEFEATER X700 + COPON;DESTILADOS;34800
3354;ESTUCHE GIN DALMATA + COPA;DESTILADOS;51100
69871011;ESTUCHE GIN DALMATA BLACK CON VASO Y 2 BOT;DESTILADOS;56000
55577122254;ESTUCHE GIN DALMATA ESPECIALIST;DESTILADOS;51100
5841211;ESTUCHE GIN DALMATA MUNDIALISTA;DESTILADOS;42000
3355;ESTUCHE GIN DALMATA PREMIUM COPON, MEDIDOR Y 4 BOT;DESTILADOS;65800
8410161202670;ESTUCHE GIN FIFTY POUNDS CON COPA;DESTILADOS;152500
724751009937;ESTUCHE GIN HEREDERO + COPA;DESTILADOS;37400
714604120643;ESTUCHE GIN HEREDERO AñEJO + VASOS;DESTILADOS;45500
714604120667;ESTUCHE GIN HEREDERO PINK + VASOS;DESTILADOS;39400
214645854444;ESTUCHE GIN HEREDERO X 4 BOTELLAS;DESTILADOS;74200
7798375760065;ESTUCHE GIN INMIGRANTE X750 + COPON;DESTILADOS;33600
787845121;ESTUCHE GIN KNUT HANSEN MAS VASO MADERA;DESTILADOS;60400
212114444;ESTUCHE GIN MALARIA;DESTILADOS;74200
8410023098021;ESTUCHE GIN MOM ROCKS CON COPA;DESTILADOS;81200
8435449501405;ESTUCHE GIN NORDES CON COPA;DESTILADOS;96000
724751086624;ESTUCHE GIN OID MORTALES + COPA;DESTILADOS;42700
714604029861;ESTUCHE GIN RESTINGA LONDON DRY + COPON;DESTILADOS;38500
736684240165;ESTUCHE GIN RESTINGA TRIPACK X375;DESTILADOS;34800
790757894709;ESTUCHE GIN VRIENDEN X500 CON COPA;DESTILADOS;27800
3904609712390;ESTUCHE GIN VRIENDEN X750;DESTILADOS;15300
082184220917;ESTUCHE JACK DANIELS GUITARRA;DESTILADOS;210000
7798074865740;ESTUCHE JACK DANIELS HONEY + VASO;DESTILADOS;55000
7798074865634;ESTUCHE JACK DANIELS N7 + VASO;DESTILADOS;55000
7791728249484;ESTUCHE VERMUT LA FUERZA + VASOS;DESTILADOS;47200
33123312;ESTUCHE VERMUT PADRO CO + VASOS;DESTILADOS;60000
7792410532853;ESTUCHE WHISKY CHIVAS EXTRA 13  X 700 + MINIATURAS;DESTILADOS;105600
7792410779586;ESTUCHE WHISKY CHIVAS MIZUNARA + VASOS;DESTILADOS;123000
7792410779579;ESTUCHE WHISKY CHIVAS XV + VASOS;DESTILADOS;123000
5010327316307;ESTUCHE WHISKY GLENFIDDICH 12 + PETACA;DESTILADOS;226800
749350080170;GIN ACONCAGUA CERAMICA X 950;DESTILADOS;53900
749350080354;GIN ACONCAGUA X 700 AZUL;DESTILADOS;14900
0610985465775;GIN ACONCAGUA X 700 DORADO MUNDIAL;DESTILADOS;16800
677144439135;GIN ACONCAGUA X 750 AMARILLO;DESTILADOS;16800
0736373868182;GIN ACONCAGUA X 750 BLANCO;DESTILADOS;16800
0677144439128;GIN ACONCAGUA X 750 NARANJA;DESTILADOS;16800
677144439128;GIN ACONCAGUA X 750 POMELO;DESTILADOS;16800
0783970984562;GIN ACONCAGUA X 750 ROSA;DESTILADOS;16800
0736373868175;GIN ACONCAGUA X 750 VERDE;DESTILADOS;16800
7790980108201;GIN ANDES MOUNTAIN X 750 LONDON DRY;DESTILADOS;27300
7798167920240;GIN ARLEQUIN X 750;DESTILADOS;12400
714604177739;GIN AURA X750 LONDON DRY;DESTILADOS;13800
714604177746;GIN AURA X750 PINK;DESTILADOS;14700
5000299618424;GIN BEEFEATER X 1LT;DESTILADOS;31100
5000299618417;GIN BEEFEATER X 700;DESTILADOS;24700
5000299618394;GIN BEEFEATER X 700 BLACKBERRY;DESTILADOS;31100
5000299618288;GIN BEEFEATER X 700 BLOOD ORANGE;DESTILADOS;31100
5000299605950;GIN BEEFEATER X 700 PINK STRAWBERRY;DESTILADOS;31100
7790290101756;GIN BLU X 700 LONDON DRY;DESTILADOS;17600
7640175740047;GIN BOMBAY X 750;DESTILADOS;35900
7640175743284;GIN BOMBAY X 750 SUNSET;DESTILADOS;43900
7792798012503;GIN BOSQUE X 500 ALTA MONTAÑA;DESTILADOS;20300
7792798012497;GIN BOSQUE X 500 NATIVO;DESTILADOS;16100
7792410522717;GIN BRIGHTON X 750ML;DESTILADOS;10300
897076002010;GIN BULLDOG X 750;DESTILADOS;31700
010;GIN CESTARI;DESTILADOS;11600
0720665995298;GIN DALMATA VERA X 500;DESTILADOS;7800
0763571800058;GIN DALMATA X 700 CITRUS;DESTILADOS;11900
05802001;GIN DALMATA X 700 ORIGINAL;DESTILADOS;11200
0763571800119;GIN DALMATA X 700 WILD BERRY;DESTILADOS;11900
720665995298;GIN DALMATA X 750 BLACK;DESTILADOS;11200
714604526117;GIN DALMATA X 750 HONEY BLOOM;DESTILADOS;11900
763571800065;GIN DALMATA X 750 OTTO HERBAL;DESTILADOS;11200
123;GIN DEALERS;DESTILADOS;13000
0000000000009;GIN DEALERS X 1L NARANJA ESPINOSA;DESTILADOS;13500
4441;GIN DEALERS X 750 OLD TOM;DESTILADOS;30800
7798178232189;GIN ENEBRUM X 375 SIN ALCOHOL;DESTILADOS;11900
3147690060703;GIN GIBSON X 700 LONDON DRY;DESTILADOS;26500
7791250003271;GIN GORDONS LATA X 473;DESTILADOS;3500
7791250002267;GIN GORDONS X 700;DESTILADOS;15500
7791250003325;GIN GORDONS X 700 PINK;DESTILADOS;17100
7791250801839;GIN GORDONS X700 MANGO Y PASSIONFRUIT;DESTILADOS;17100
084279982748;GIN GREENALLS X 700;DESTILADOS;87000
3700209600106;GIN GVINE X700 FLORAISON;DESTILADOS;99900
3700209600359;GIN GVINE X700 NOVAISON;DESTILADOS;108300
5010327755014;GIN HENDRICKS;DESTILADOS;56300
7790121000456;GIN HERACLITO MACEDONIO;DESTILADOS;16600
7798135763077;GIN HERACLITO X 750;DESTILADOS;16300
763571806012;GIN HEREDERO X 700 BOYSENBERRY;DESTILADOS;13800
714604120674;GIN HEREDERO X 700 LEMON Y GINGER;DESTILADOS;13800
714604120612;GIN HEREDERO X 700 LONDON DRY;DESTILADOS;12800
724751009876;GIN HEREDERO X 700 MANDARINA;DESTILADOS;13800
763571869000;GIN HEREDERO X 700 POMELO ROSA;DESTILADOS;13800
763571868997;GIN HEREDERO X 700 RESERVA 5 AÑOS;DESTILADOS;39200
4280001759015;GIN KNUT HANSEN X500;DESTILADOS;32500
8411144100068;GIN LARIOS X 700;DESTILADOS;16500
4112;GIN MAAL CHIVO X 750;DESTILADOS;21000
658325364064;GIN MALARIA X 700 BLACK;DESTILADOS;36400
709081090138;GIN MALARIA X 700 LILA;DESTILADOS;33400
714604006763;GIN MALARIA X 700 LONDON DRY;DESTILADOS;28700
8411640000459;GIN MARE X 750;DESTILADOS;76300
698929000319;GIN MARTIN MILLERS WESTBOURNE X 700;DESTILADOS;76100
69892900395;GIN MARTIN MILLERS X 700;DESTILADOS;48400
698929000395;GIN MARTIN MILLERS X 700;DESTILADOS;48400
4954621002904;GIN MATSUI HAKUTO X 700;DESTILADOS;145000
714604145110;GIN MERLE LATA X 355;DESTILADOS;2300
736684265243;GIN MERLE X 750 ML;DESTILADOS;9500
727373156164;GIN MERLE X 750 ORANGE;DESTILADOS;11000
763571808290;GIN MERLE X 750 PINK;DESTILADOS;11000
691044752927;GIN MERLE X 750 SELECCION CITRIC EDITION;DESTILADOS;20800
0691044752910;GIN MERLE X 750 SELECCION HERBAL EDITION;DESTILADOS;20800
42213277;GIN MONKEY 47 X 500;DESTILADOS;72100
44114;GIN MONTES X 750 FRUTOS ROJOS;DESTILADOS;10500
1723;GIN MONTES X 750 LONDON DRY;DESTILADOS;10500
441123;GIN MONTES X 750 SEVILLA NARANJA;DESTILADOS;10500
8435449500002;GIN NORDES ATLANTIC GALICIAN X 700;DESTILADOS;84100
724751086532;GIN OID MORTALES X750;DESTILADOS;19400
714604029793;GIN RESTINGA X 700 ENTRE MONTAÑAS;DESTILADOS;23700
0723540606241;GIN RESTINGA X 700 FLAVORED;DESTILADOS;23600
763571732526;GIN RESTINGA X 700 FLAVORED;DESTILADOS;23600
723540606210;GIN RESTINGA X 700 LONDON DRY;DESTILADOS;16600
0723540606227;GIN RESTINGA X 700 OTONIO;DESTILADOS;21300
7792798012404;GIN RIDER X 750;DESTILADOS;6300
7798385810019;GIN RUNA 750 ML ARANDANOS;DESTILADOS;13900
7798385810026;GIN RUNA 750 ML LONDON DRY;DESTILADOS;13900
7798385810033;GIN RUNA 750 ML MARACUYA Y MIEL;DESTILADOS;13900
790757915732;GIN SHELBY X 750CC;DESTILADOS;7000
5000281015248;GIN TANQUERAY X 700;DESTILADOS;31900
5000291026548;GIN TANQUERAY X 700 ROYALE;DESTILADOS;38900
5000291023462;GIN TANQUERAY X 700 SEVILLA;DESTILADOS;38900
778781100;GIN VRIENDEN BIB X 3LT ROSE;DESTILADOS;33600
763571875360;GIN VRIENDEN BIB X3LT LONDON DRY;DESTILADOS;33600
54774113444;GIN VRIENDEN LATA X 473 ROSE;DESTILADOS;3360
763571875377;GIN VRIENDEN LATA X 473 TODOS;DESTILADOS;3400
0790757894679;GIN VRIENDEN X 750 LONDON DRY;DESTILADOS;12200
0790757894686;GIN VRIENDEN X 750 ROSE;DESTILADOS;12200
0763571875353;GIN VRIENDEN ZAFIRO X 750;DESTILADOS;17800
5011166057093;GIN WHITLEY NEILL X700 BLOOD ORANGE;DESTILADOS;157500
7790260010026;GRANADINA DELLEPIANE X 750;DESTILADOS;5400
8000353006232;GRAPPA LUXARDO X750;DESTILADOS;91300
7790260008016;GRAPPA VALLEVIEJO X930;DESTILADOS;14700
35141421;HIELO 4KG;DESTILADOS;4500
8438001405654;HODLMOSER X 700;DESTILADOS;25600
4067700014528;JAGERMEISTER X 1,750ML;DESTILADOS;77700
7798167920165;KARAMEL CREAM MARULA X 750;DESTILADOS;9800
7798167920073;KARAMEL CREAM X 750;DESTILADOS;9800
7791250003127;LATA VODKA SMIRNOFF X 473 GREEN APPLE;DESTILADOS;3500
7791250801532;LATA VODKA SMIRNOFF X 473 NARANJA  LIMA;DESTILADOS;3500
7791250003110;LATA VODKA SMIRNOFF X 473 ORIGINAL;DESTILADOS;3500
7791250801563;LATA VODKA SMIRNOFF X 473 POMELO LIMA;DESTILADOS;3500
7791250003189;LATA VODKA SMIRNOFF X 473 RED BERRIES;DESTILADOS;3500
8410221902069;LICOR 43 X 700 BARISTO;DESTILADOS;50000
8410221801416;LICOR 43 X 700 HORCHATA;DESTILADOS;50000
8410221110150;LICOR 43 X 700 ORIGINAL;DESTILADOS;50000
714604233848;LICOR APERITIF X 750 CAFE;DESTILADOS;14000
714604233824;LICOR APERITIF X 750 PISTACHO;DESTILADOS;14000
5011013100132;LICOR BAILEYS ORIGINAL CREAM;DESTILADOS;34600
7790290000332;LICOR BORGHETTI X 700ML;DESTILADOS;19600
810845030045;LICOR CAROLANS X 750 IRISH CREAM;DESTILADOS;37200
3035542004206;LICOR COINTREAU X 700;DESTILADOS;66100
7792410008105;LICOR CUSENIER X 750 CHOCOLATE;DESTILADOS;7600
7792410134842;LICOR CUSENIER X 750 COCO;DESTILADOS;6200
7792410505352;LICOR DE ANIS 8 HERMANOS X 750;DESTILADOS;8100
7790260014130;LICOR DE CAñA 1 DE AGOSTO X 750;DESTILADOS;6500
7790260015076;LICOR ESPECIALISTA X 750 SAMBAYON;DESTILADOS;15000
8004160660304;LICOR FRANGELICO X 700;DESTILADOS;48500
3180290038956;LICOR GIFFARD X 700;DESTILADOS;55200
4055800060200;LICOR GOLDWASSER X 700;DESTILADOS;57400
7206659253184;LICOR JURISICH X 750 SELVA NEGRA;DESTILADOS;12600
7798178231762;LICOR LA SCALA X2 UNIDADES;DESTILADOS;23800
7792410517355;LICOR MARIPOSA X 750;DESTILADOS;5500
51212154411;LICOR SCHWARTHZOG X 700;DESTILADOS;20300
5011013500642;LICOR SHERIDANS;DESTILADOS;50900
5014271796161;LICOR ST-GERMAIN X 700 SAUCO;DESTILADOS;96600
7790260015489;LICOR TAMBO X 750 DULCE DE LECHE;DESTILADOS;39900
7792410504324;LICOR TIA MARIA X 690;DESTILADOS;11900
7792410504331;LICOR TIA MARIA X 690 CREAM;DESTILADOS;16500
7790260013362;LICOR TRES PLUMAS X 700 CAFE;DESTILADOS;6500
7790260002236;LICOR TRES PLUMAS X 700 CAFE AL CHOCOLATE;DESTILADOS;6800
7790260002076;LICOR TRES PLUMAS X 700 CAFE AL COGNAC;DESTILADOS;6800
7790260002267;LICOR TRES PLUMAS X 700 CAFE AL RON;DESTILADOS;6800
7790260002090;LICOR TRES PLUMAS X 700 CAFE AL WHISKY;DESTILADOS;6800
7790260013065;LICOR TRES PLUMAS X 700 CHOCOLATE;DESTILADOS;7100
7790260013300;LICOR TRES PLUMAS X 700 CHOCOLATE AL DULCE D LECHE;DESTILADOS;7100
7790260013249;LICOR TRES PLUMAS X 700 CHOCOLATE BLANCO;DESTILADOS;7100
7790260013287;LICOR TRES PLUMAS X 700 CURASAO;DESTILADOS;6500
7790260013164;LICOR TRES PLUMAS X 700 DULCE DE LECHE;DESTILADOS;7100
7790260013218;LICOR TRES PLUMAS X 700 DURAZNO;DESTILADOS;6500
7790260013126;LICOR TRES PLUMAS X 700 FRUTILLA;DESTILADOS;6400
7790260013386;LICOR TRES PLUMAS X 700 KIWI;DESTILADOS;6500
7790260013324;LICOR TRES PLUMAS X 700 MELON;DESTILADOS;6500
7790260013157;LICOR TRES PLUMAS X 700 MENTA;DESTILADOS;6500
8000353006386;LIMONCELLO LUXARDO X 750;DESTILADOS;70700
7635717630702;MINIATURA BOSQUE NATIVO;DESTILADOS;5000
080686821908;MINIATURA CANADIAN CLUB;DESTILADOS;5000
080480230074;MINIATURA DEWARS WHITE;DESTILADOS;5000
74865746754;MINIATURA FERNET BRANCA MENTA;DESTILADOS;5000
5018066160014;MINIATURA GLENFARCLAS;DESTILADOS;5000
082184000052;MINIATURA JACK DANIELS;DESTILADOS;5000
619947000099;MINIATURA TITO VODKA;DESTILADOS;5000
5645685674;MINIATURA WOODFORD RESERVE;DESTILADOS;5000
241313;MINIATURAS;DESTILADOS;5000
7798375760027;NEGRONI INMIGRANTE;DESTILADOS;20800
790757868120;NEGRONI KALMAR X 500;DESTILADOS;25300
809151512260;NUVO X 700;DESTILADOS;74200
7714;OFERTA SERNOVA TODOS X2;DESTILADOS;17000
3163937011000;PASTIS RICARD X 700;DESTILADOS;22300
7752309000016;PISCO 1615 X 700 ACHOLADO;DESTILADOS;47100
7752309000054;PISCO 1615 X 700 QUEBRANTO;DESTILADOS;47100
859644000040;PISCO BARSOL X 750 ACHOLADO;DESTILADOS;69500
7758645005036;PISCO VARGAS X 750;DESTILADOS;27100
7792410779357;RAMAZZOTTI ROSADO X 700;DESTILADOS;9500
7501008603017;RON BACARDI X 750 CARTA BLANCA;DESTILADOS;22300
7501008604014;RON BACARDI X 750 CARTA ORO;DESTILADOS;22300
7501008603024;RON BACARDI X 980 CARTA BLANCA;DESTILADOS;25100
7501008604021;RON BACARDI X 980 CARTA ORO;DESTILADOS;25100
3760194540467;RON BEACH HOUSE GOLD X 700;DESTILADOS;78200
3760194540030;RON BEACH HOUSE PINK X 700;DESTILADOS;63700
3760194540351;RON BEACH HOUSE WHITE X 700;DESTILADOS;63700
720665925301;RON CABURE X 750;DESTILADOS;25200
3107460009233;RON CLEMENT AMBRE X700;DESTILADOS;55200
3107463306247;RON CLEMENT BLANC X 700;DESTILADOS;39600
026964950083;RON FLOR DE CAñA X 1LT DORADO 10 AñOS;DESTILADOS;77300
7431008107652;RON FLOR DE CAñA X 700 DORADO 12 AñOS;DESTILADOS;99000
026964904291;RON FLOR DE CAñA X 750 BLANCO 4 AñOS;DESTILADOS;22300
026964177190;RON FLOR DE CAñA X 750 DORADO 4 AñOS;DESTILADOS;22300
026964852745;RON FLOR DE CAñA X 750 DORADO 7 AñOS;DESTILADOS;42100
7431008105504;RON FLOR DE CAñA X 750 SPRESSO;DESTILADOS;41500
7792410532433;RON HAVANA CLUB 3 AñOS;DESTILADOS;16800
7792410532426;RON HAVANA CLUB ESPECIAL;DESTILADOS;16800
8501110080439;RON HAVANA CLUB ESPECIAL 7 AñOS X 700ML;DESTILADOS;39600
8501110089852;RON HAVANA SELECCION DE MAESTROS X 700;DESTILADOS;166600
7891050004741;RON MALIBU X 750;DESTILADOS;16200
7591156404581;RON SANTA TERESA X 750 GRAN RESERVA;DESTILADOS;43200
7790260012396;TEQUILA CONQUISTADOR DE MEXICO X 700;DESTILADOS;16100
7501145269107;TEQUILA EL JIMADOR X 700 REPOSADO;DESTILADOS;40900
7501145268100;TEQUILA EL JIMADOR X 700 SILVER;DESTILADOS;40900
7501035010109;TEQUILA JOSE CUERVO REPOSADO;DESTILADOS;54100
7501035042322;TEQUILA JOSE CUERVO SILVER;DESTILADOS;54100
085592140358;TEQUILA ROSE X 700;DESTILADOS;52900
7501054835271;TEQUILA SOMBRERO NEGRO X 700 GOLD;DESTILADOS;32000
7501054834366;TEQUILA SOMBRERO NEGRO X 700 SILVER;DESTILADOS;32000
122121;TRIPLE SECO CARAJO X750ML;DESTILADOS;12900
7798438340012;VERMUT CARNERO X 750;DESTILADOS;13300
8427221023939;VERMUT PADRO CO X 750 DORADO AMARGO;DESTILADOS;36600
8427221023953;VERMUT PADRO CO X 750 RESERVA ESPECIAL;DESTILADOS;45300
55111;VERMUT UNICO X 750 ROJO JOVEN;DESTILADOS;14600
7546974773302;VERMUT UNICO X 750 ROJO RESERVA;DESTILADOS;40600
7312040211012;VODKA ABSOLUT ELYX X1LT;DESTILADOS;104200
7312040350100;VODKA ABSOLUT X 700  VANILIA;DESTILADOS;29200
7312040050703;VODKA ABSOLUT X 700 MANDARIN;DESTILADOS;29200
7312040350056;VODKA ABSOLUT X 700 RASPBERRI;DESTILADOS;29200
7312040553273;VODKA ABSOLUT X 700 TABASCO;DESTILADOS;29200
7312040350308;VODKA ABSOLUT X 700 WILD BERRI;DESTILADOS;29200
7312040017683;VODKA ABSOLUT X 750;DESTILADOS;26700
7312040070756;VODKA ABSOLUT X 750 APPEACH;DESTILADOS;29200
7312040551675;VODKA ABSOLUT X 750 LIME;DESTILADOS;29200
7312040180752;VODKA ABSOLUT X700 MANGO;DESTILADOS;29200
7312040552726;VODKA ABSOLUT X700 WATERMELON;DESTILADOS;29200
7312040552160;VODKA ABSOLUT X750 GRAPEFRUIT;DESTILADOS;29200
7312040350254;VODKA ABSOLUT X750 PEARS;DESTILADOS;29200
4820181425845;VODKA NEMIRNOFF X 700 BURNING PEAR;DESTILADOS;28300
4820181427030;VODKA NEMIRNOFF X 750 HONNEY PEPPER;DESTILADOS;24100
4820181427016;VODKA NEMIRNOFF X 750 LUXE;DESTILADOS;24100
4820181425968;VODKA NEMIRNOFF X 750 WILD CRANBERRY;DESTILADOS;28300
7798334100277;VODKA PLATO VOLADOR X 750 BERRIES;DESTILADOS;14000
5908234674187;VODKA PRAVDA X 750;DESTILADOS;62500
5901811521232;VODKA PRAVDA X 750 CHERRY;DESTILADOS;62500
5901811521249;VODKA PRAVDA X 750 CITRON;DESTILADOS;62500
5901811521751;VODKA PRAVDA X 750 COCOPINE;DESTILADOS;62500
5901811521072;VODKA PRAVDA X 750 ESPRESSO;DESTILADOS;62500
7790290101510;VODKA SERNOVA X 700;DESTILADOS;8900
7790290101718;VODKA SERNOVA X 700  CARIBBEAN BLEND;DESTILADOS;9900
7790290101787;VODKA SERNOVA X 700 CANDY GLOW;DESTILADOS;9900
7790290101534;VODKA SERNOVA X 700 FRESH CITRUS;DESTILADOS;9900
7790290101657;VODKA SERNOVA X 700 SWEET APPLE PEAR;DESTILADOS;9900
7790290101664;VODKA SERNOVA X 700 TROPICAL PASSION;DESTILADOS;9900
7790290101527;VODKA SERNOVA X 700 WILD BERRIES;DESTILADOS;9900
7791200200835;VODKA SKYY X 700 COSMIC;DESTILADOS;11400
7791200200828;VODKA SKYY X 750;DESTILADOS;10300
7791200000213;VODKA SKYY X 750;DESTILADOS;10300
7791200200606;VODKA SKYY X 750 APRICOT;DESTILADOS;11400
7791200200866;VODKA SKYY X 750 RASPBERRY;DESTILADOS;11400
7791250001345;VODKA SMIRNOFF X 700;DESTILADOS;9900
7791250003011;VODKA SMIRNOFF X 700 BITTER CITRIC;DESTILADOS;10900
7791250001864;VODKA SMIRNOFF X 700 CITRUS;DESTILADOS;10900
7791250001857;VODKA SMIRNOFF X 700 GREEN APPLE;DESTILADOS;10900
7791250001871;VODKA SMIRNOFF X 700 RASPBERRY;DESTILADOS;10900
7791250003097;VODKA SMIRNOFF X 700 RUBY ORANGE;DESTILADOS;10900
7791250003202;VODKA SMIRNOFF X 700 TROPICAL FRUITS;DESTILADOS;10900
7791250002243;VODKA SMIRNOFF X 700 WATERMELON;DESTILADOS;10900
7791250003400;VODKA SMIRNOFF X 750 TAMARINDO;DESTILADOS;10900
7792410533102;VODKA WYBOROWA X700 RASPBERRY;DESTILADOS;9400
5000299628034;WHISKY BALLANTINES 7 AñOS X700 BOURBON;DESTILADOS;41100
5010106113073;WHISKY BALLANTINES X 700;DESTILADOS;28400
5000299628713;WHISKY BALLANTINES X 700 10 AñOS;DESTILADOS;51300
5000299629413;WHISKY BALLANTINES X 700 ACDC;DESTILADOS;39100
5000299629529;WHISKY BALLANTINES X 700 ELTON JOHN;DESTILADOS;39100
5000299629734;WHISKY BALLANTINES X 700 GORILLAZ;DESTILADOS;39100
5000299629567;WHISKY BALLANTINES X 700 LENNON;DESTILADOS;39100
5000299629383;WHISKY BALLANTINES X 700 QUEEN;DESTILADOS;39100
088004020842;WHISKY BENCHMARK X 750 N 8;DESTILADOS;38400
50196388;WHISKY BUCHANANS;DESTILADOS;67800
080244009236;WHISKY BUFFALO TRACE;DESTILADOS;89800
5000281038018;WHISKY BULLEIT BOURBON X 700;DESTILADOS;78100
080432402733;WHISKY CHIVAS 12 X 500;DESTILADOS;41700
080432402931;WHISKY CHIVAS 12 X 700;DESTILADOS;52500
5000299611104;WHISKY CHIVAS 13 X 750 EXTRA;DESTILADOS;67400
5000299643105;WHISKY CHIVAS X 700 CRYSTALGOLD;DESTILADOS;85700
5000299601693;WHISKY CHIVAS X 700 MIZUNARA;DESTILADOS;114000
5000299622049;WHISKY CHIVAS XV X 700;DESTILADOS;81400
5391518566351;WHISKY DINGLE SINGLE MALT X 700 ESTUCHE;DESTILADOS;173000
096749000067;WHISKY ELIJAH CRAIG X 750;DESTILADOS;177100
096749141326;WHISKY EVAN WILLIAMS X 750;DESTILADOS;87800
088004146689;WHISKY FIREBALL X 750;DESTILADOS;22500
5060116321425;WHISKY GLEN MORAY X 700 CHARDONNAY CASK FINISH;DESTILADOS;71300
5010494508307;WHISKY GLEN MORAY X 700 CLASSIC;DESTILADOS;64000
5060116321005;WHISKY GLEN MORAY X 700 PORT CASK FINISH;DESTILADOS;71300
5060116321548;WHISKY GLEN MORAY X 750 SHERRY CASK FINISH;DESTILADOS;71300
080432402825;WHISKY GLENLIVET 12 AñOS X700ML;DESTILADOS;81600
5000299295021;WHISKY GLENLIVET 15 AñOS X700;DESTILADOS;134000
5000299609347;WHISKY GLENLIVET FOUNDER´S RESERVE X750;DESTILADOS;68200
5065000482756;WHISKY GREAT KING X 500ML;DESTILADOS;78600
5099873038758;WHISKY JACK DANIELS GENTLEMAN X750;DESTILADOS;76600
5099873388655;WHISKY JACK DANIELS SINGLE BARREL X 700;DESTILADOS;111000
5099873017623;WHISKY JACK DANIELS X 700 APPLE;DESTILADOS;53000
082184008744;WHISKY JACK DANIELS X 700 BLACKBERRY;DESTILADOS;53000
5099873006351;WHISKY JACK DANIELS X 700 FIRE;DESTILADOS;53000
5099873001370;WHISKY JACK DANIELS X 700 HONEY;DESTILADOS;53000
5099873031742;WHISKY JACK DANIELS X 700 MACLAREN;DESTILADOS;63600
082184090473;WHISKY JACK DANIELS X 700 N7;DESTILADOS;53000
5011007024000;WHISKY JAMESON BLACK BARREL X700ML;DESTILADOS;54800
5011007003005;WHISKY JAMESON X700;DESTILADOS;32100
5011007025960;WHISKY JAMESON X700 IPA;DESTILADOS;38100
7791250001994;WHISKY JB X 750;DESTILADOS;29100
080686006855;WHISKY JIM BEAM X700 VAINILLA;DESTILADOS;49700
5000267023601;WHISKY JOHNNIE WALKER X 1L BLACK LABEL;DESTILADOS;74500
5000267013602;WHISKY JOHNNIE WALKER X 1L RED LABEL;DESTILADOS;40900
5000267179797;WHISKY JOHNNIE WALKER X 700 BLACK ED ESPECIAL;DESTILADOS;71400
5000267024011;WHISKY JOHNNIE WALKER X 750 BLACK LABEL;DESTILADOS;62500
5000267116419;WHISKY JOHNNIE WALKER X 750 DOUBLE BLACK;DESTILADOS;71200
5000267197630;WHISKY JOHNNIE WALKER X 750 GOLD RESERVE;DESTILADOS;120300
5000267014005;WHISKY JOHNNIE WALKER X 750 RED LABEL;DESTILADOS;34400
4955066401017;WHISKY KAIJIN X700;DESTILADOS;82600
5016840737216;WHISKY LOCH LOMOND X 750 12 AÑOS;DESTILADOS;211200
5000299602065;WHISKY LONGMORN X 750;DESTILADOS;213000
5000281003160;WHISKY OLD PARR X 750;DESTILADOS;56500
096749702756;WHISKY RITTENHOUSE X 700;DESTILADOS;149200
5000281021621;WHISKY SINGLETON 12 AÑOS X 700;DESTILADOS;78900
3012993070196;WHISKY SIR EDWARDS X 700 BEER RESERVE;DESTILADOS;25500
3012992422002;WHISKY SIR EDWARDS X700;DESTILADOS;24000
3012993059320;WHISKY SIR EDWARDS X700 SMOKY;DESTILADOS;25500
5013967011557;WHISKY TAMNAVULIN X 700;DESTILADOS;110500
5391523270021;WHISKY TEELING X 700 BATCH;DESTILADOS;121700
5391523270175;WHISKY TEELING X 700 GRAIN;DESTILADOS;175800
1230000127011;WHISKY TEXAS X 700 BOURBON;DESTILADOS;68500
4901903064136;WHISKY TOGUCHI X 700;DESTILADOS;189000
7791250001253;WHISKY WHITEHORSE X750;DESTILADOS;19700
5010196065061;WHISKY WHYTE & MACKAY X 700;DESTILADOS;48800
721059847506;WHISKY WILD TURKEY X 700 BOURBON;DESTILADOS;45300
721059817509;WHISKY WILD TURKEY X 700 HONEY;DESTILADOS;45300
857186006308;WHISKY YELLOW ROSE X 700 OUTLAW BOURBON;DESTILADOS;146300
857186006261;WHISKY YELLOW ROSE X 700 RYE;DESTILADOS;142800
722358200009;WOKKA SAKI X 750;DESTILADOS;29400
7792716000025;ANANA FIZZ LA FARRUCA X 710;ESPUMANTES;3100
7791728234589;ESPUMANTE ALAMBRADO X 750 BLANC DE BLANCS;ESPUMANTES;13500
7791728234602;ESPUMANTE ALAMBRADO X 750 BRUT ROSE;ESPUMANTES;13500
7798074865092;ESPUMANTE ALYDA X 750 BRUT NATURE;ESPUMANTES;23300
7798074864071;ESPUMANTE ALYDA X 750 BRUT ROSE;ESPUMANTES;23300
7798074865498;ESPUMANTE ALYDA X 750 MILLESIME;ESPUMANTES;26900
7798399980098;ESPUMANTE ANGELADO X 750  BRUT ROSE;ESPUMANTES;13200
7798399980081;ESPUMANTE ANGELADO X 750 EXTRA BRUT;ESPUMANTES;13200
7798126082927;ESPUMANTE ANIMAL X 750 EXTRA BRUT;ESPUMANTES;13100
8410013010996;ESPUMANTE ANNA CODORNIU X 375 BLANC;ESPUMANTES;14700
8410013009761;ESPUMANTE ANNA CODORNIU X 750 BLANC;ESPUMANTES;21500
8410013999369;ESPUMANTE ANNA CODORNIU X 750 ROSE;ESPUMANTES;21500
7791843019849;ESPUMANTE ANTONIETA X 750 PINOT CHARDONNAY;ESPUMANTES;17500
7790975194431;ESPUMANTE BARON B X 750 BRUT NATURE;ESPUMANTES;49000
7790975194417;ESPUMANTE BARON B X 750 BRUT ROSE;ESPUMANTES;49000
7790975000152;ESPUMANTE BARON B X 750 EXTRA BRUT;ESPUMANTES;38400
7798287390381;ESPUMANTE CALLEJON X 750 PINOT EXTRA BRUT;ESPUMANTES;14700
7798108834391;ESPUMANTE CALLIA X 750 BRUT NATURE;ESPUMANTES;7400
7798108834414;ESPUMANTE CALLIA X 750 EXTRA BRUT;ESPUMANTES;7400
7798111990497;ESPUMANTE CASA BOHER X 750 EXTRA BRUT;ESPUMANTES;17700
7798117750569;ESPUMANTE CELOS X 750 EXTRA BRUT;ESPUMANTES;15200
7798117750552;ESPUMANTE CELOS X 750 ROSE;ESPUMANTES;15200
7798117750545;ESPUMANTE CELOS X 750 TORRONTES;ESPUMANTES;15200
7798108621465;ESPUMANTE CHAKANA NUNA X 750;ESPUMANTES;8200
7790975198996;ESPUMANTE CHANDON BABY X 187 APERITIFF;ESPUMANTES;5800
7790975198972;ESPUMANTE CHANDON BABY X 187 DELICE;ESPUMANTES;5800
7790975198934;ESPUMANTE CHANDON BABY X 187 EXTRA BRUT;ESPUMANTES;5800
7790975198958;ESPUMANTE CHANDON BABY X 187 ROSE;ESPUMANTES;5800
7790975199054;ESPUMANTE CHANDON X 1500 EXTRA BRUT;ESPUMANTES;47700
7790975198675;ESPUMANTE CHANDON X 750 APERITIF;ESPUMANTES;19500
7790975198651;ESPUMANTE CHANDON X 750 DELICE;ESPUMANTES;19500
7790975204307;ESPUMANTE CHANDON X 750 DELICE ROSE;ESPUMANTES;19500
7790975198637;ESPUMANTE CHANDON X 750 DEMI SEC;ESPUMANTES;19500
7790975198613;ESPUMANTE CHANDON X 750 EXTRA BRUT;ESPUMANTES;19500
7790975198590;ESPUMANTE CHANDON X 750 ROSE;ESPUMANTES;19500
7799197000070;ESPUMANTE CHATEAU SUBSONICO X 750 DULCE NATURAL;ESPUMANTES;9300
7791200200729;ESPUMANTE CINZANO X 750 TO SPRITZ;ESPUMANTES;11100
8410013016493;ESPUMANTE CODORNIU ZERO X 750;ESPUMANTES;17000
8410013020841;ESPUMANTE CODORNIU ZERO X 750 ROSE;ESPUMANTES;17000
7791843023051;ESPUMANTE CONEJO VERDE X 750 BRUT ROSE;ESPUMANTES;8200
7791843025321;ESPUMANTE CONEJO VERDE X750 DULCE NATURAL DEMI SEC;ESPUMANTES;8200
7790240096736;ESPUMANTE COSTA & PAMPA X 750 BRUT ROSE;ESPUMANTES;20000
7798172810031;ESPUMANTE CRUZAT X 750 CUVEE NATURE;ESPUMANTES;24500
7798172810369;ESPUMANTE CRUZAT X 750 EXTRA BRUT;ESPUMANTES;18100
7798172810352;ESPUMANTE CRUZAT X 750 NATURE;ESPUMANTES;18100
7798172810376;ESPUMANTE CRUZAT X 750 ROSE;ESPUMANTES;18100
7798116190519;ESPUMANTE DESEADO X 750 DULCE NATURAL;ESPUMANTES;9200
7798116191691;ESPUMANTE DESEADO X 750 EXTRA BRUT;ESPUMANTES;9200
7798116191486;ESPUMANTE DESEADO X 750 ROSE;ESPUMANTES;9200
12312123333;ESPUMANTE DOMAINE X 750 EXTRA BRUT;ESPUMANTES;17400
110775;ESPUMANTE EL CERNO X 750 BRUT NATURE PINOT;ESPUMANTES;19300
23213621512;ESPUMANTE EL CERNO X 750 BRUT NATURE ROSE PINOT;ESPUMANTES;21100
310306;ESPUMANTE EL CERNO X 750 DULCE NATURAL;ESPUMANTES;16900
243647236747;ESPUMANTE EL CERNO X 750 EXTRA BRUT;ESPUMANTES;16900
4554695145;ESPUMANTE ELOISA TODOS;ESPUMANTES;5200
7790415128583;ESPUMANTE ESCORIHUELA PP X750 ROSE EX BRUT;ESPUMANTES;32000
7790415128019;ESPUMANTE FAMILIA GASCON X 750  EXTRA BRUT;ESPUMANTES;10300
7798112630316;ESPUMANTE FINCA GABRIEL BRUT NATURE;ESPUMANTES;9700
7781;ESPUMANTE FOW DISCONTINUO X750 BRUT NATURE;ESPUMANTES;17000
7791843024348;ESPUMANTE HERMANDAD X 750 BRUT;ESPUMANTES;21500
7790762054146;ESPUMANTE LA MASCOTA X 750 BLANC DE NOIR;ESPUMANTES;17600
7792756000573;ESPUMANTE LAGARDE X 750 DULCE;ESPUMANTES;9800
7798123970791;ESPUMANTE LAS PERDICES X 750 BRUT ROSE;ESPUMANTES;9900
7798123971903;ESPUMANTE LAS PERDICES X 750 EXTRA BRUT;ESPUMANTES;10100
7798123970449;ESPUMANTE LAS PERDICES X 750 SWEETY;ESPUMANTES;10100
ESPUMANTE LIA;ESPUMANTE LAS PERDICES X 750 SWEETY;ESPUMANTES;10100
7791250003394;ESPUMANTE LATA X 355 NAVARRO CORREAS E.B;ESPUMANTES;4300
7798167890024;ESPUMANTE LIASON X 750 EXTRA BRUT;ESPUMANTES;9700
7790336047406;ESPUMANTE LOPEZ X 750 BRUT;ESPUMANTES;7600
7790336060788;ESPUMANTE LOPEZ X 750 DULCE;ESPUMANTES;7600
7790336047109;ESPUMANTE LOPEZ X 750 EXTRA BRUT;ESPUMANTES;7600
7790336047505;ESPUMANTE LOPEZ X 750 SUCREE;ESPUMANTES;7600
7791843021835;ESPUMANTE LOS HAROLDOS X 750 BRUT ROSE;ESPUMANTES;8700
7791843004166;ESPUMANTE LOS HAROLDOS X 750 EXTRA BRUT;ESPUMANTES;8700
7798078238304;ESPUMANTE MARIA X 750 BRUT NATURE;ESPUMANTES;10400
7798078238311;ESPUMANTE MARIA X 750 DULCE;ESPUMANTES;10400
7798078238298;ESPUMANTE MARIA X 750 EXTRA BRUT;ESPUMANTES;10400
7798078237734;ESPUMANTE MARIA X 750 HANDCRAFT BRUT;ESPUMANTES;10400
7798078235082;ESPUMANTE MARIA X 750 METODO TRADICIONAL;ESPUMANTES;17400
7798078238328;ESPUMANTE MARIA X 750 ROSAT;ESPUMANTES;10400
3185370772768;ESPUMANTE MOET & CHANDON ICE IMPERIAL ROSE;ESPUMANTES;199900
3185370001233;ESPUMANTE MOET&CHANDON X 750ML;ESPUMANTES;182000
7790336041275;ESPUMANTE MONTCHENOT X 750 BRUT NATURE;ESPUMANTES;16900
7790336040124;ESPUMANTE MONTCHENOT X 750 EXTRA BRUT;ESPUMANTES;11900
7790336041107;ESPUMANTE MONTCHENOT X 750 NATURE;ESPUMANTES;11900
7790336041145;ESPUMANTE MONTCHENOT X 750 ROSE;ESPUMANTES;16900
7791560074244;ESPUMANTE MUMM DOMAINE X 750 EXTRA BRUT;ESPUMANTES;18500
7791560513828;ESPUMANTE MUMM X 750 BRUT NATURE;ESPUMANTES;10900
7791560040126;ESPUMANTE MUMM X 750 EXTRA BRUT;ESPUMANTES;10900
7791560512593;ESPUMANTE MUMM X 750 LEGER DULCE;ESPUMANTES;10900
7791560520390;ESPUMANTE MUMM X 750 LEGER SPRITZ;ESPUMANTES;10900
7791250001543;ESPUMANTE NAVARRO CORREAS X 750 BRUT MALBEC ROSE;ESPUMANTES;11200
7791250001444;ESPUMANTE NAVARRO CORREAS X 750 DULCE;ESPUMANTES;11200
7791250001529;ESPUMANTE NAVARRO CORREAS X 750 EXTRA BRUT;ESPUMANTES;11400
7791250001567;ESPUMANTE NAVARRO CORREAS X 750 NATURE;ESPUMANTES;11200
7790070761033;ESPUMANTE NIETO SENETINER X 750 EXTRA BRUT;ESPUMANTES;14600
7798112630613;ESPUMANTE PRIVADO X 750;ESPUMANTES;17300
7798111990046;ESPUMANTE ROSELL BOHER X 750 BRUT;ESPUMANTES;26200
7798111990831;ESPUMANTE ROSELL BOHER X 750 ENCARNACION;ESPUMANTES;28900
7798111990022;ESPUMANTE ROSELL BOHER X 750 GRAND CUVEE;ESPUMANTES;46100
7798111990428;ESPUMANTE ROSELL BOHER X 750 ROSE;ESPUMANTES;33700
7790577001953;ESPUMANTE RUTINI X 750 BRUT NATURE;ESPUMANTES;47300
7790577040181;ESPUMANTE RUTINI X 750 EXTRA BRUT;ESPUMANTES;27400
7798074864958;ESPUMANTE SALENTEIN X 1500 BRUT NATURE;ESPUMANTES;30800
7798074863074;ESPUMANTE SALENTEIN X 375 BRUT NATURE;ESPUMANTES;8700
7798074865016;ESPUMANTE SALENTEIN X 750 BLANC DE BLANC;ESPUMANTES;13900
7798074864910;ESPUMANTE SALENTEIN X 750 BRUT NATURE;ESPUMANTES;13200
7798074864996;ESPUMANTE SALENTEIN X 750 BRUT ROSE;ESPUMANTES;13200
7798074865054;ESPUMANTE SALENTEIN X 750 DOUX;ESPUMANTES;13200
7798074864972;ESPUMANTE SALENTEIN X 750 EXTRA BRUT;ESPUMANTES;13200
88774;ESPUMANTE SAMPUTAN X750;ESPUMANTES;7900
8008513017609;ESPUMANTE SPERONE X 750 PROSECCO;ESPUMANTES;37600
7790577004299;ESPUMANTE TRUMPETER X 750 EXTRA BRUT;ESPUMANTES;11900
7790577039369;ESPUMANTE TRUMPETER X 750 ROSE;ESPUMANTES;11900
3058080097578;ESPUMANTE VEUVE DU VERNAY X200 BRUT ROSE;ESPUMANTES;15500
3058080125295;ESPUMANTE VEUVE DU VERNAY X200 ICE ROSE;ESPUMANTES;15500
3058080097547;ESPUMANTE VEUVE DU VERNAY X750 BRUT ED LIMITADA;ESPUMANTES;37400
3058080097608;ESPUMANTE VEUVE DU VERNAY X750 BRUT ROSE ED LIMITA;ESPUMANTES;37400
3058080117764;ESPUMANTE VEUVE DU VERNAY X750 ICE;ESPUMANTES;37400
3058080125288;ESPUMANTE VEUVE DU VERNAY X750 ICE ROSE;ESPUMANTES;37400
2623715125652;ESPUMANTE ZOLO SIN ALCOHOL X 750 ROSE;ESPUMANTES;14500
7798111990503;ESTUCHE ESPUMANTE CASA BOHER;ESPUMANTES;30900
7798078238700;ESTUCHE ESPUMANTE MARíA X 4 METODO TRADICIONAL;ESPUMANTES;67200
7790336041152;ESTUCHE ESPUMANTE MONTCHENOT X 750 ROSE;ESPUMANTES;21700
7798111990039;ESTUCHE ESPUMANTE ROSELL BRUT;ESPUMANTES;44900
7798111990015;ESTUCHE ESPUMANTE ROSELL CUVEE;ESPUMANTES;74970
7798111990862;ESTUCHE ESPUMANTE ROSELL ENCARNACION;ESPUMANTES;48600
7798111990435;ESTUCHE ESPUMANTE ROSELL ROSE;ESPUMANTES;55200
7798074864484;ESTUCHE ESPUMANTE SALENTEIN BRUT NATURE X 750;ESPUMANTES;15300
7798074861193;ESTUCHE ESPUMANTE SALENTEIN EXTRA BRUT X 750;ESPUMANTES;15300
7798187210307;MANI CERVECERO QUENTO SABOR QUESO X 75G;ESPUMANTES;1700
7798041710097;MANI EL FARO X 100 CON CASCARA;ESPUMANTES;1200
7790119002370;SIDRA 1888 X 750;ESPUMANTES;7500
7792716930513;SIDRA LA FARRUCA X 710;ESPUMANTES;2700
7792316001019;SIDRA LA VICTORIA X 720;ESPUMANTES;3000
7790119011099;SIDRA REAL CITRUS X 750;ESPUMANTES;2500
7790119009881;SIDRA REAL CLASICA X 750;ESPUMANTES;3700
7798146691697;SIDRA ZEDRYC X 750 APPLE;ESPUMANTES;8100
7798146690379;SIDRA ZEDRYC X 750 JUICY;ESPUMANTES;8100
243626326;EMBUTIDO Y QUESO EN TABLA;FIAMBRES;19500
221025;MEMBRILLO CHICO (100G);FIAMBRES;1300
2210251;MEMBRILLO GRANDE (250G);FIAMBRES;2400
212154141;PICADA CHICA;FIAMBRES;17000
1541484521;PICADA GRANDE;FIAMBRES;25000
7790895647772;AGUA BENEDICTINO X 1.5;GASEOSAS Y JUGOS;2000
7790895648823;AGUA BENEDICTINO X 2;GASEOSAS Y JUGOS;2500
7790895647642;AGUA BENEDICTINO X 500;GASEOSAS Y JUGOS;1300
7790895648847;AGUA BENEDICTINO X 500 CON GAS;GASEOSAS Y JUGOS;1300
7797051054207;AGUA SAINT MICHEL X 2 LTS;GASEOSAS Y JUGOS;1500
7797051054191;AGUA SAINT MICHEL X 500;GASEOSAS Y JUGOS;900
7790315000422;AGUA VILLAVECENCIO X 2;GASEOSAS Y JUGOS;2300
7799155000180;AGUA VILLAVICENCIO X 1.5;GASEOSAS Y JUGOS;2200
7799155000173;AGUA VILLAVICENCIO X 500;GASEOSAS Y JUGOS;1500
7790895011726;AQUARIUS X 1,5 MANZANA ZERO;GASEOSAS Y JUGOS;3100
7790895004049;AQUARIUS X 1,5 POMELO ROSADO;GASEOSAS Y JUGOS;3100
7790895640483;AQUARIUS X 1.5 MANZANA;GASEOSAS Y JUGOS;3100
7790895641237;AQUARIUS X 1.5 NARANJA;GASEOSAS Y JUGOS;3100
7790895640476;AQUARIUS X 1.5 PERA;GASEOSAS Y JUGOS;3100
7790895640490;AQUARIUS X 1.5 POMELO;GASEOSAS Y JUGOS;3100
7790895641220;AQUARIUS X 1.5 UVA;GASEOSAS Y JUGOS;3100
AQUARI;AQUARIUS X 1.5L PERA;GASEOSAS Y JUGOS;3100
AQUARIUS;AQUARIUS X 2.25 MANZANA;GASEOSAS Y JUGOS;4000
5664135;AQUARIUS X 2.25 POMELO;GASEOSAS Y JUGOS;4000
7790895640452;AQUARIUS X 500 MANZANA;GASEOSAS Y JUGOS;2200
7790895640469;AQUARIUS X 500 POMELO;GASEOSAS Y JUGOS;2200
7790036000329;BAGGIO X 1 NARANJA;GASEOSAS Y JUGOS;2400
7798146350129;BIDON X 5LTS;GASEOSAS Y JUGOS;2900
7797051058595;BIDON X 8LTS SAINT MICHEL;GASEOSAS Y JUGOS;3500
7790895009815;CEPITA X 1 NARANJA;GASEOSAS Y JUGOS;3700
7798085681834;CITRIC X 1;GASEOSAS Y JUGOS;4400
7798085681995;CITRIC X 1 POMELO;GASEOSAS Y JUGOS;5700
7798096946762;ENERGIZANTE TANGO X 473 YERBA MATE;GASEOSAS Y JUGOS;1000
7791813777021;GASEOSA 7 UP LATA X 354;GASEOSAS Y JUGOS;1600
7791813444411;GASEOSA 7 UP X 1.5;GASEOSAS Y JUGOS;3000
7791813421580;GASEOSA 7 UP X 1.5 FREE;GASEOSAS Y JUGOS;3000
7790895000232;GASEOSA COCA LATA X 354;GASEOSAS Y JUGOS;2200
7790895067587;GASEOSA COCA LATA X 354 ZERO;GASEOSAS Y JUGOS;2200
7790895000430;GASEOSA COCA X 1.5;GASEOSAS Y JUGOS;4200
7790895067556;GASEOSA COCA X 1.5L ZERO;GASEOSAS Y JUGOS;4200
7790895001413;GASEOSA COCA X 1L;GASEOSAS Y JUGOS;3200
7790895000997;GASEOSA COCA X 2.25;GASEOSAS Y JUGOS;5400
7790895067570;GASEOSA COCA X 2.25 ZERO;GASEOSAS Y JUGOS;5400
7790895006418;GASEOSA COCA X 3 LTS;GASEOSAS Y JUGOS;6600
7790895000782;GASEOSA COCA X 500;GASEOSAS Y JUGOS;2200
7790895067532;GASEOSA COCA X 500 ZERO;GASEOSAS Y JUGOS;2200
7790639003444;GASEOSA CUNNINGTON X 2,25 TONICA;GASEOSAS Y JUGOS;2400
7790639003451;GASEOSA CUNNINGTON X 2.25 POMELO;GASEOSAS Y JUGOS;2400
7790895000454;GASEOSA FANTA X 1.5;GASEOSAS Y JUGOS;4200
2121213312;GASEOSA FANTA X 3 LTS;GASEOSAS Y JUGOS;6600
7790895000836;GASEOSA FANTA X 500;GASEOSAS Y JUGOS;2200
78789785;GASEOSA LATA SPRITE;GASEOSAS Y JUGOS;2200
7791813421368;GASEOSA PASO DE LOS TOROS X 1.5 TONICA;GASEOSAS Y JUGOS;3000
7791813555025;GASEOSA PEPSI LATA X 354;GASEOSAS Y JUGOS;1800
7790895010088;GASEOSA SCHWEPPES X 1.5 POMELO;GASEOSAS Y JUGOS;4200
7790895006715;GASEOSA SCHWEPPES X 1.5 TONICA;GASEOSAS Y JUGOS;4200
7790895010095;GASEOSA SCHWEPPES X 2.25 POMELO;GASEOSAS Y JUGOS;5400
7790895004667;GASEOSA SCHWEPPES X 2.25 TONICA;GASEOSAS Y JUGOS;5400
7790895000447;GASEOSA SPRITE X 1.5 L;GASEOSAS Y JUGOS;4200
7790895064173;GASEOSA SPRITE X 1.5 ZERO;GASEOSAS Y JUGOS;4200
7790895064159;GASEOSA SPRITE X 2,25 ZERO;GASEOSAS Y JUGOS;5400
7790895001000;GASEOSA SPRITE X 2.25 L;GASEOSAS Y JUGOS;5400
7790895064128;GASEOSA SPRITE X 3 LTS;GASEOSAS Y JUGOS;6600
7790895000829;GASEOSA SPRITE X 500;GASEOSAS Y JUGOS;2200
7792170110575;GATORADE X 1.25 L APPLE PET;GASEOSAS Y JUGOS;3500
7792170110568;GATORADE X 1.25 L FRUTAS PET;GASEOSAS Y JUGOS;3500
7792170042258;GATORADE X 500 COOLBLU;GASEOSAS Y JUGOS;1900
7792170042012;GATORADE X 500 NARANJA;GASEOSAS Y JUGOS;1900
7799155001699;LEVITE X 1.5 LIMONADA;GASEOSAS Y JUGOS;2500
7798062548709;LEVITE X 1.5 MANZANA;GASEOSAS Y JUGOS;2500
7798062540253;LEVITE X 1.5 PERA;GASEOSAS Y JUGOS;2500
7798062548679;LEVITE X 1.5 POMELO;GASEOSAS Y JUGOS;2500
7799155001392;LEVITE X 1.5 POMELO ROSADO;GASEOSAS Y JUGOS;2500
7799155001682;LEVITE X500 LIMONADA;GASEOSAS Y JUGOS;1700
7798062548716;LEVITE X500 MANZANA;GASEOSAS Y JUGOS;1700
7798062548655;LEVITE X500 NARANJA;GASEOSAS Y JUGOS;1700
7798422620076;MONSTER X 473 ANANA;GASEOSAS Y JUGOS;4000
7798422620045;MONSTER X 473 MANGO CELESTE;GASEOSAS Y JUGOS;4000
7798422620052;MONSTER X 473 NARANJA;GASEOSAS Y JUGOS;4000
7798422620014;MONSTER X 473 ORIGINAL;GASEOSAS Y JUGOS;4000
1007084701235;MONSTER X 473 ORIGINAL;GASEOSAS Y JUGOS;4000
7798422620120;MONSTER X 473 PIPELINE PUNCH;GASEOSAS Y JUGOS;4000
7798422620298;MONSTER X 473 PUNCH;GASEOSAS Y JUGOS;4000
7798422620069;MONSTER X 473 SANDIA;GASEOSAS Y JUGOS;4000
7798422620083;MONSTER X 473 THE DOCTOR;GASEOSAS Y JUGOS;4000
7798422620021;MONSTER X 473 ULTRA;GASEOSAS Y JUGOS;4000
7798422620090;MONSTER X 473 ZERO;GASEOSAS Y JUGOS;4000
98587;PULPA DE  DURAZNO X1100;GASEOSAS Y JUGOS;7000
7798106770011;PULPA DE FRUTILLA X1100;GASEOSAS Y JUGOS;8400
89577;PULPA DE FRUTILLA X1100;GASEOSAS Y JUGOS;8400
1454;PULPA DE MARACUYA  X 1100;GASEOSAS Y JUGOS;9500
7798106770035;PULPA DURAZNO X1100;GASEOSAS Y JUGOS;7000
7798106770622;PULPA MARACUYA X1100;GASEOSAS Y JUGOS;9500
9002490100070;RED BULL X 250;GASEOSAS Y JUGOS;3600
9002490280055;RED BULL X 250 FRUTA DEL DRAGON;GASEOSAS Y JUGOS;3600
9002490258313;RED BULL X 250 SANDIA;GASEOSAS Y JUGOS;3600
90415418;RED BULL X 250 SUGAR FREE;GASEOSAS Y JUGOS;3600
9002490288341;RED BULL X 250 SUMMER;GASEOSAS Y JUGOS;3600
90435225;RED BULL X 355;GASEOSAS Y JUGOS;3800
7798067780029;SODA CIMES X 2 LTS;GASEOSAS Y JUGOS;1800
8002270000188;SODA X 750 PELLEGRINO;GASEOSAS Y JUGOS;9400
7798119220299;SPEED X 269;GASEOSAS Y JUGOS;1700
7798119220183;SPEED X 473 ML;GASEOSAS Y JUGOS;2800
779811922038;SPEED X 473 ZERO;GASEOSAS Y JUGOS;2800
7622201457334;BELDENT INFINIT X 14 MENTA;GOLOSINAS;2600
7622201457396;BELDENT INFINIT X 14 MENTOL;GOLOSINAS;2600
7798130959376;CHICLE BUBBLE ROLL;GOLOSINAS;2700
DOS CORAZONES;DOS CORAZONES;GOLOSINAS;1600
77907509;DOS CORAZONES;GOLOSINAS;1600
8691216100428;HARIBO GOLDBEARS;GOLOSINAS;4800
8691216100480;HARIBO HAPPY COLA;GOLOSINAS;4800
8691216100442;HARIBO STARMIX;GOLOSINAS;4800
8691216100466;HARIBO WORMS;GOLOSINAS;4800
03400908;ICE BREAKERS WINTERGREEN;GOLOSINAS;5300
JACKELIN;JACKELIN;GOLOSINAS;1200
LICORITAS;LICORITA FELFORT;GOLOSINAS;1200
MARROC;MARROC;GOLOSINAS;900
MENTITA;MEDALLON MENTITA FELFORT;GOLOSINAS;800
7790206509805;TIVIS;GOLOSINAS;1200
4069400736205;CIGARRITOS X 20 VILLIGER BLACK;HABANOS TABACO  ETC;25500
4069400197662;CIGARRITOS X 20 VILLIGER GOLD;HABANOS TABACO  ETC;25500
4069400746204;CIGARRITOS X 20 VILLIGER GREEN;HABANOS TABACO  ETC;25500
4069400738209;CIGARRITOS X 20 VILLIGER RED VAINILLA;HABANOS TABACO  ETC;25500
4069400019766;CIGARRITOS X 20 VILLIGER SUNNY;HABANOS TABACO  ETC;25500
4069400747201;CIGARRITOS X 20 VILLIGER WHITE;HABANOS TABACO  ETC;25500
4014663747161;CORTA HABANOS METALICO PLATEADO;HABANOS TABACO  ETC;20200
4014663112990;CORTA HABANOS PLASTICO;HABANOS TABACO  ETC;6400
8412765508905;ENC CLIPPER;HABANOS TABACO  ETC;2100
6954220700520;ENCENDEDOR MAGICLIC;HABANOS TABACO  ETC;7300
7798177000031;ENCENDEDOR MAGICLIC BARATO;HABANOS TABACO  ETC;1200
7790217400009;ENCENDEDOR MAGICLICK CATALITICO CHICO;HABANOS TABACO  ETC;3000
7798611100006;ENCENDEDOR MAGICLICK CLASICO CON BOTON;HABANOS TABACO  ETC;1300
ENC1;ENCENDEDOR MAGICLICK LUXURY;HABANOS TABACO  ETC;94500
7794536186088;ENCENDEDOR MAGICLICK TORCH;HABANOS TABACO  ETC;8800
P3R17;ENCENDEDOR USB 3 RAYOS TECNO;HABANOS TABACO  ETC;27000
P3323;ENCENDEDOR USB POP NEGRO O BLANCO;HABANOS TABACO  ETC;27000
191693707649;ENCENDEDOR ZIPPO AS DE PICAS;HABANOS TABACO  ETC;92900
191693707724;ENCENDEDOR ZIPPO HARLEY DAVIDSON;HABANOS TABACO  ETC;66600
191693719086;ENCENDEDOR ZIPPO JACK DANIELS;HABANOS TABACO  ETC;72700
191693718690;ENCENDEDOR ZIPPO MASHROOM;HABANOS TABACO  ETC;76000
041689104450;ENCENDEDOR ZIPPO SPECTRUM;HABANOS TABACO  ETC;73900
6954230813012;ENCENDERDOR MAGICLICK X1;HABANOS TABACO  ETC;7300
7440830188104;ESCOBILLAS PARA PIPA BIG BEN;HABANOS TABACO  ETC;8600
4002604344760;FILTROS GIZEH MENTOLADOS;HABANOS TABACO  ETC;3300
85954809;FILTROS LIBELLA EXTRASLIM X 200U;HABANOS TABACO  ETC;2900
85954816;FILTROS LIBELLA ORGANICOS X 200U;HABANOS TABACO  ETC;2900
85954793;FILTROS LIBELLA REGULAR X 200U;HABANOS TABACO  ETC;3500
85954786;FILTROS LIBELLA SLIM X 200U;HABANOS TABACO  ETC;2900
7798297917882;FILTROS TONKING X 50U ORGANICOS;HABANOS TABACO  ETC;600
7798297917875;FILTROS TONKING X50U;HABANOS TABACO  ETC;600
544484711;FLUIDO PARA ENCENDEDORES CLAER X 150;HABANOS TABACO  ETC;3800
041689300494;FLUIDO ZIPPO X 125ML;HABANOS TABACO  ETC;9100
7797430000504;GAS CLAER X 400;HABANOS TABACO  ETC;4500
7797430000511;GAS CLAER X160;HABANOS TABACO  ETC;3800
HB08;HABANO AVANTI X5 TOSCANOS;HABANOS TABACO  ETC;6500
HB03;HABANO CAJA X 3 SOL DE CUBA;HABANOS TABACO  ETC;14200
HB06;HABANO CASA DE GARCIA;HABANOS TABACO  ETC;9500
HB04;HABANO DOMINICAN ESTATE CORONA;HABANOS TABACO  ETC;11400
HB05;HABANO DOMINICAN ESTATE ROBUSTO;HABANOS TABACO  ETC;11400
HB23;HABANO FRANCISCO MIRANDA ROBUSTO;HABANOS TABACO  ETC;7200
8500001542001;HABANO GUANTANAMERA ACRILICO X1;HABANOS TABACO  ETC;9000
HB12;HABANO JOSE L PIEDRA X1;HABANOS TABACO  ETC;9800
H441;HABANO KING EDWARD X1 CHOCOLATE;HABANOS TABACO  ETC;4500
HB442;HABANO KING EDWARDS X 1;HABANOS TABACO  ETC;4500
HB441;HABANO KING EDWARDS X1 CHOCOLATE;HABANOS TABACO  ETC;4500
HB02;HABANO MACANUDO RED;HABANOS TABACO  ETC;14700
HB01;HABANO MIRANDA AMARILLO;HABANOS TABACO  ETC;7700
8500001541202;HABANO MONTECRISTO MINI 10;HABANOS TABACO  ETC;19500
HB14;HABANO PARCERO BRASIL X UNIDAD;HABANOS TABACO  ETC;14800
4052426009125;HABANO PARCERO BRASIL X UNIDAD;HABANOS TABACO  ETC;14800
036;HABANO PHILLIES BLUNT X1 UNIDAD;HABANOS TABACO  ETC;3900
HB16;HABANO PHILLIES CLASICO;HABANOS TABACO  ETC;3900
HB19;HABANO PHILLIES COGNAC;HABANOS TABACO  ETC;3900
070235109304;HABANO PHILLIES COGNAC;HABANOS TABACO  ETC;3900
HB20;HABANO PHILLIES MIEL HONEY;HABANOS TABACO  ETC;3900
070235109458;HABANO PHILLIES MIEL HONEY;HABANOS TABACO  ETC;3900
HB21;HABANO PHILLIES TITAN;HABANOS TABACO  ETC;3900
HB22;HABANO PHILLIES TITAN CHOCOLATE;HABANOS TABACO  ETC;3900
070235103951;HABANO PHILLIES TITAN CHOCOLATE;HABANOS TABACO  ETC;3900
HB25;HABANO PRINCIPES CHOCOLATE;HABANOS TABACO  ETC;5600
H24;HABANO PRINCIPES VAINILLA;HABANOS TABACO  ETC;5600
HB24;HABANO PRINCIPES VAINILLA;HABANOS TABACO  ETC;5600
8506000004762;HABANO ROMEO Y JULIETA N1 X 1 UNIDAD;HABANOS TABACO  ETC;33000
8506000004885;HABANO ROMEO Y JULIETA N3 X 1 UNIDAD;HABANOS TABACO  ETC;26800
HB07;HABANO SOL DE CUBA CRISTAL;HABANOS TABACO  ETC;5900
HB18;HABANO VILLIGER N7 X 1U;HABANOS TABACO  ETC;5200
7610083215036;HABANO VILLIGER N7 X 1U;HABANOS TABACO  ETC;5200
682621224364;HABANOS JOYA DE NICARAGUA X 5 ANTAñO;HABANOS TABACO  ETC;120000
682621224371;HABANOS JOYA DE NICARAGUA X 5 CLASICO;HABANOS TABACO  ETC;93800
682621224395;HABANOS JOYA DE NICARAGUA X 5 MIXED;HABANOS TABACO  ETC;127500
5477747176094;HABANOS JUAN CORTES X 2 SUMATRA ALTA CLASE;HABANOS TABACO  ETC;20500
5411741711967;HABANOS JUAN CORTES X 2 UNIDADES;HABANOS TABACO  ETC;20500
8500001542667;HABANOS MINI X 20  GUANTANAMERA;HABANOS TABACO  ETC;28400
5411741548068;HABANOS NEOS PACIFIC;HABANOS TABACO  ETC;1100
42213314;MAQUINA ARMADORA GIZEH;HABANOS TABACO  ETC;6500
TRO125107;MAQUINA AUTOMATICA DORADA STANDARD;HABANOS TABACO  ETC;12500
5411741143065;MINI HABANOS NEOS SELECTION X UNIDAD;HABANOS TABACO  ETC;1300
5411741687026;NEOS MINI X 10 CIGARRITOS CAFE;HABANOS TABACO  ETC;12400
5411741700053;NEOS MINI X 10 CIGARRITOS CHOCOLATE;HABANOS TABACO  ETC;12400
5411741683028;NEOS MINI X 10 CIGARRITOS JAVA;HABANOS TABACO  ETC;12400
5411741702026;NEOS MINI X 10 CIGARRITOS RED;HABANOS TABACO  ETC;12400
3057069036010;OCB ARMADOR AUTOMATICO;HABANOS TABACO  ETC;18200
3057068067787;OCB FILTRO EXTRASLIM;HABANOS TABACO  ETC;2800
3057068255788;OCB FILTRO MENTOLADO SLIM;HABANOS TABACO  ETC;2200
3057068029709;OCB FILTRO REGULAR;HABANOS TABACO  ETC;1700
3057068103720;OCB FILTRO SLIM ORGANICOS;HABANOS TABACO  ETC;2300
3057068215782;OCB FILTROS ORGANICOS;HABANOS TABACO  ETC;2200
3057068056781;OCB FILTROS SLIM;HABANOS TABACO  ETC;1900
3057069079017;OCB MAQUINA DE ARMADO METALICA;HABANOS TABACO  ETC;8900
3057069017019;OCB MAQUINA DE ARMADO PLASTICO;HABANOS TABACO  ETC;7900
3057067628019;OCB PAPELILLO BAMBOO;HABANOS TABACO  ETC;1200
30156104;OCB PAPELILLO BLUE;HABANOS TABACO  ETC;1200
30054257;OCB PAPELILLO BLUE;HABANOS TABACO  ETC;800
30052765;OCB PAPELILLO NEGRO;HABANOS TABACO  ETC;1200
30087859;OCB PAPELILLO ORGANICO;HABANOS TABACO  ETC;1200
CELULOSA;PAPEL CELULOSA TONKING;HABANOS TABACO  ETC;900
8414775001155;PAPELILLO ABADIE X 500;HABANOS TABACO  ETC;5300
85966680;PAPELILLO LIBELLA MAS CORTO;HABANOS TABACO  ETC;1000
644536840121;PAPELILLO STAMPS CELULOSA;HABANOS TABACO  ETC;1700
7798297917912;PAPELILLO TONKING X 500 HOJAS;HABANOS TABACO  ETC;3800
4014663702504;PICADOR 4 PARTES CALAVERA ARCOIRIS;HABANOS TABACO  ETC;21400
4014663835967;PICADOR 4 PARTES GIGANTE NEGRO;HABANOS TABACO  ETC;30800
4014663840763;PICADOR ATOMIC 3 PARTES NEGRO;HABANOS TABACO  ETC;15800
545121;PICADOR CHICO ATOMIC;HABANOS TABACO  ETC;9800
4014663704935;PICADOR CUATRO PARTES NEGRO;HABANOS TABACO  ETC;17000
4014663521891;PICADOR ESFERICO;HABANOS TABACO  ETC;21000
4014663628668;PICADOR METAL 3 PARTES PLATEADO;HABANOS TABACO  ETC;15400
12124421;PICADOR METAL 4 PARTES 43MM;HABANOS TABACO  ETC;16300
4546;PICADOR STAMPS PLASTICO GRANDE;HABANOS TABACO  ETC;5300
4014663836544;PICADOR TORNASOLADO MANDALAS X 4 PARTES;HABANOS TABACO  ETC;27000
PIC1;PICADOR TRES RAYOS AZUL;HABANOS TABACO  ETC;14300
PIEDR;PIEDRA CERIUM RUEDA PARA ENCENDEDOR;HABANOS TABACO  ETC;2100
4014663431916;PIPA BOLA 8;HABANOS TABACO  ETC;7200
P5;PIPA CURVA CAOBA TONKING;HABANOS TABACO  ETC;7100
P6;PIPA CURVA LABRADA TONKING;HABANOS TABACO  ETC;7100
P7;PIPA CURVA NATURAL TONKING;HABANOS TABACO  ETC;7100
P8;PIPA RAIZ BABY LABRADA;HABANOS TABACO  ETC;20500
P10;PIPA RAIZ BABY SOUVENIR;HABANOS TABACO  ETC;20500
P4;PIPA RAIZ GRANDE LISA;HABANOS TABACO  ETC;45500
P3;PIPA RAIZ LABRADA SPITFIRE;HABANOS TABACO  ETC;51500
P9;PIPA RAIZ MADERA MEDIANA;HABANOS TABACO  ETC;20500
P2;PIPA RAIZ MEDIANA LISA;HABANOS TABACO  ETC;45500
P1;PIPA RAIZ PREMIUM ARGENTO CON FUNDA;HABANOS TABACO  ETC;64500
7798205440242;PIPA SIR ALEX;HABANOS TABACO  ETC;17400
444777112;PORTACIGARROS 3 RAYOS;HABANOS TABACO  ETC;1600
8500001544425;PURITOS PARTAGAS X 5;HABANOS TABACO  ETC;22900
7798205440228;STAMPS ARMADOR AUTOMATICO;HABANOS TABACO  ETC;10300
7798205440211;STAMPS MAQUINA METALICA;HABANOS TABACO  ETC;5500
7798205440204;STAMPS MAQUINA PLASTICA;HABANOS TABACO  ETC;3900
7798350990135;TABACO ARGENTO PIPA X 50 NATURAL;HABANOS TABACO  ETC;11300
7798350990111;TABACO ARGENTO PIPA X 50 VAINILLA;HABANOS TABACO  ETC;11300
7798350990128;TABACO ARGENTO PIPA X 50 WHISKY Y CHOCOLATE;HABANOS TABACO  ETC;11300
7798350990036;TABACO ARGENTO X 40 NEGRO;HABANOS TABACO  ETC;8400
790757853652;TABACO CAMAGUEY X 50;HABANOS TABACO  ETC;11900
7730104034283;TABACO CERRITO BROWN;HABANOS TABACO  ETC;9300
7730104012595;TABACO CERRITO ORIGINAL;HABANOS TABACO  ETC;9300
7730104034788;TABACO CERRITO SILVER;HABANOS TABACO  ETC;9300
7730104034290;TABACO CERRITO YELLOW;HABANOS TABACO  ETC;9300
5707294310109;TABACO CHOICE X 30 COOL MINT;HABANOS TABACO  ETC;9500
5707294309806;TABACO CHOICE X 30 DARK CHOCOLATE;HABANOS TABACO  ETC;9500
5707294309776;TABACO CHOICE X 30 DOBLE VAINILLA;HABANOS TABACO  ETC;9500
5707294310253;TABACO CHOICE X 30 ORANGE CHOCOLATE;HABANOS TABACO  ETC;9500
5707294309929;TABACO CHOICE X 30 ORIGINAL;HABANOS TABACO  ETC;9500
5707294309745;TABACO CHOICE X 30 VAINILLA #02;HABANOS TABACO  ETC;9500
7798096700029;TABACO DON JOSE NEGRO;HABANOS TABACO  ETC;7300
5411786067302;TABACO FLANDRIA GOLD;HABANOS TABACO  ETC;9500
5411786063502;TABACO FLANDRIA SILVER;HABANOS TABACO  ETC;9500
5411786063304;TABACO FLANDRIA VAINILLA;HABANOS TABACO  ETC;9500
4030700161608;TABACO GOLDEN VIRGINIA AMARILLO X 30;HABANOS TABACO  ETC;11600
4030700161547;TABACO GOLDEN VIRGINIA X 30;HABANOS TABACO  ETC;11600
7798096700012;TABACO LAS HOJAS 50 GR;HABANOS TABACO  ETC;6400
7798096700128;TABACO LAS HOJAS CHOCOLATE;HABANOS TABACO  ETC;9300
7798096700104;TABACO LAS HOJAS NATURAL;HABANOS TABACO  ETC;9300
7798096700135;TABACO LAS HOJAS UVA;HABANOS TABACO  ETC;9300
7798096700241;TABACO LAS HOJAS VAINILLA;HABANOS TABACO  ETC;9300
4006396157850;TABACO MANITOU;HABANOS TABACO  ETC;10100
0076625281194;TABACO SAINTS 50 GR NATUR CELESTE;HABANOS TABACO  ETC;12900
076625281193;TABACO SAINTS 50GR VIRGINIA VERDE;HABANOS TABACO  ETC;12900
5411786062901;TABACO SAUVAGE;HABANOS TABACO  ETC;9500
7798194420263;TABACO SAYRI CLARO 30 GR;HABANOS TABACO  ETC;11400
7798194420256;TABACO SAYRI ORIGINAL;HABANOS TABACO  ETC;11400
7798205440136;TABACO VAN HAASEN X 30 GR NATIVO;HABANOS TABACO  ETC;9200
7798205440013;TABACO VAN HAASEN X 30 GR ORIGINAL BLEND;HABANOS TABACO  ETC;9200
7798205440617;TABACO VAN HAASEN X 30 VAINILLA;HABANOS TABACO  ETC;9200
7798205441164;TABACO VAN HAASEN X30 GR MENTA;HABANOS TABACO  ETC;9200
7798100200330;TABACO VAN KIFF X 30 GR NATIVE;HABANOS TABACO  ETC;9900
7798100200477;TABACO VAN KIFF X 30 GR UVA;HABANOS TABACO  ETC;9900
7798100200361;TABACO VAN KIFF X 30 GR VAINILLA;HABANOS TABACO  ETC;9900
7798100200446;TABACO VAN KIFF X30 GR MENTOLADO;HABANOS TABACO  ETC;9900
7798100200347;TABACO VAN KIFF X30GR CHERRY;HABANOS TABACO  ETC;9900
7798297917509;TONKING MAQUINA DE ARMAR DE PLASTICO;HABANOS TABACO  ETC;2700
1454111;TRIO PARA PIPA CON FUNDA;HABANOS TABACO  ETC;4200
041689560010;ZIPPO MECHAS;HABANOS TABACO  ETC;3400
041689200657;ZIPPO PIEDRAS;HABANOS TABACO  ETC;3400
4234231;AMPLIFICADOR CORONA;MERCHANDISING;1700
400;BEERMAT CORTOS PATAGONIA O STELLA;MERCHANDISING;11900
300;BEERMAT GRANDES;MERCHANDISING;25500
2121111;BEERMAT QUILMES;MERCHANDISING;6800
33;BOLSO BEER BAG CORONA;MERCHANDISING;34500
5454;CAJA MARRON/NEGRA PARA 2 BOTELLAS;MERCHANDISING;8000
4;CAJA NEGRA CARTON;MERCHANDISING;4000
57885256;CANTIMPLORA PATAGONIA;MERCHANDISING;3400
1234;CHAPAS CARTEL DE DECORACION;MERCHANDISING;10500
5011;CHOPP QUILMES X 600;MERCHANDISING;17000
215231312;COLCHONETA INFLABLE BUDWEISER;MERCHANDISING;6800
23;CONSERVADORA TELA BRAHMA;MERCHANDISING;18000
3002;COPA ANDES X 1;MERCHANDISING;11900
855;COPA APEROL TRANSPARENTE;MERCHANDISING;7500
IMP;COPA CERVEZA IMPERIAL;MERCHANDISING;16500
12121;COPA DUBLIN CORONA;MERCHANDISING;7200
028;COPA GIN ACONCAGUA COLORES;MERCHANDISING;10800
8026;COPA GIN BOMBAY PIE CELESTE;MERCHANDISING;10800
545477711;COPA GIN GORDONS PIE AMARILLO;MERCHANDISING;10800
7774441111;COPA GIN HEREDERO;MERCHANDISING;10800
8484561512121;COPA GIN OID MORTALES;MERCHANDISING;8500
0025;COPA GIN TANQUERAY;MERCHANDISING;10800
7891155038979;COPA MARGARITA;MERCHANDISING;4900
76;COPA PATAGONIA SOMMELIER;MERCHANDISING;12200
7792798013623;COPA PATAGONIA TULIPA X2;MERCHANDISING;25500
7792798010158;COPA STELLA 330 X 2 UNIDADES;MERCHANDISING;23800
73;COPA STELLA 500;MERCHANDISING;15800
8581782097362;COPA VINO RONA X510;MERCHANDISING;16200
7792798013401;COPAS GINKO PATAGONIA X2;MERCHANDISING;23800
10;DECANTADOR EL PROGRESO X 1900;MERCHANDISING;28600
7444;DELANTAL HEINEKEN;MERCHANDISING;17400
6545;DELANTAL MASTERCHEF;MERCHANDISING;11900
1012;DESTAPADOR BRAHMA;MERCHANDISING;2600
8895014;DESTAPADOR CORONA SUELTO;MERCHANDISING;5500
1212174575;ESTUCHE FERNET BUHERO + COPA;MERCHANDISING;19500
7792798014224;ESTUCHE VERMUT GUSTOSO + VASO ANDES;MERCHANDISING;11900
4554232;FRAPERA ANDES;MERCHANDISING;25500
23121210;FRAPERA BRAHMA METALICA;MERCHANDISING;22100
4574514;FRAPERA BRAHMA PLASTICO;MERCHANDISING;6000
414141;FRAPERA CORONA 100 CON RELIEVE;MERCHANDISING;27200
774414;FRAPERA CORONA CHICA;MERCHANDISING;5500
001;FRAPERA CORONA GALVANIZADO;MERCHANDISING;27200
525;FRAPERA CORONA PINTADA SIN CAJA;MERCHANDISING;25500
8989454777;FRAPERA GOOSE ISLAND;MERCHANDISING;22100
987654321;FRAPERA METALICA BRAHMA;MERCHANDISING;25500
53431;FRAPERA QUILMES BALDE;MERCHANDISING;25500
53432;FRAPERA QUILMES OVALADA;MERCHANDISING;22100
7792798012237;FRAPERA STELLA TODAS;MERCHANDISING;27200
GORRA JAGER;GORRA JAGERMEISTER;MERCHANDISING;26000
7792798004010;LATA QUILMES VINTAGE;MERCHANDISING;9600
3547623473430;LONA DE BRAHMA;MERCHANDISING;6800
887411;MAZO DE CARTAS DE POKER HEINEKEN;MERCHANDISING;9000
1300000010010;MEDIDOR 65/35 ML;MERCHANDISING;9000
8529362001149;MEDIDOR ACERO INOX CHICO;MERCHANDISING;8000
7798111186739;MEDIDOR ANGOSTO;MERCHANDISING;10100
8957169146181;MEDIDOR COLORES;MERCHANDISING;10800
54547821;PARAGUAS QUILMES COLORES;MERCHANDISING;17000
544212;PETACA METAL;MERCHANDISING;7500
44777111;PICO DOSIFICADOR CAROL;MERCHANDISING;4400
PING;PINGUINO 1/2 L;MERCHANDISING;19700
8529362000449;PIZON DE CITRICOS PARA TRAGOS;MERCHANDISING;11100
121211744;POSAVASOS ANDES X 4;MERCHANDISING;8500
456451214444;POSAVASOS BUDWEISER;MERCHANDISING;5500
313221321;POSAVASOS PATAGONIA;MERCHANDISING;5000
3325;RIñONERA JAGERMEISTER;MERCHANDISING;23300
6920180022156;SACACORCHO CRYSTAL ROCK;MERCHANDISING;4500
2950009120702;SET ASADO X 3 CON FUNDA;MERCHANDISING;23700
A117;SET ASADO X 4 CON FUNDA;MERCHANDISING;26800
1515151;SET ASADOR CAJA METALICA CON 4 PIEZAS;MERCHANDISING;47000
7792798011155;SET UTENSILLOS BAMBU STELLA;MERCHANDISING;22100
7792798012848;SET VASOS PATAGONIA RIEGSEE  X2 500ML;MERCHANDISING;28900
7792798014422;SET VASOS PEPSI X2;MERCHANDISING;17000
6933860643169;SET VINO AJEDREZ;MERCHANDISING;29000
6920236430171;SET VINO X 2;MERCHANDISING;8500
15151515111;SET VINO X 2 CAJA DE MADERA;MERCHANDISING;22100
6990000182049;SET VINO X 3 BOTELLA;MERCHANDISING;23000
445451111;SET VINO X 3 LATA;MERCHANDISING;13100
6933860643077;SET VINO X 4 CUADRADO;MERCHANDISING;11000
6920227755030;SET VINO X 4 RECTANGULAR;MERCHANDISING;11000
6920236504018;SET VINO X 4 REDONDO;MERCHANDISING;23600
6992024861047;SET VINO X 4 SACACORCHO A PRESION;MERCHANDISING;29500
6920236430034;SET VINO X 6 MADERA;MERCHANDISING;27700
6933860643176;SET VINO X2;MERCHANDISING;8100
782145;TABLA CORONA CHICA;MERCHANDISING;7500
125443;TABLA DE MADERA ANDES;MERCHANDISING;12000
205;TABLA DE MADERA ANDES;MERCHANDISING;12000
8005778000070;TAPON PARA ESPUMANTES X1 APEROL;MERCHANDISING;10200
7792798012992;TAZAS PATAGONIA ENLOZADAS X2;MERCHANDISING;21900
4354321;TEJO BRAHMA;MERCHANDISING;5100
8484546;TOALLA BUDWEISER;MERCHANDISING;8500
1231232222;TOALLON CORONA;MERCHANDISING;28900
1323545111;VASO ADIDAS MESSI;MERCHANDISING;10200
72;VASO BUDWEISER X1;MERCHANDISING;8000
3321;VASO CAMPARI;MERCHANDISING;3900
VASO PA;VASO CERVEZA PATAG IPA RIEGSE X 500 ALTO;MERCHANDISING;12800
01010;VASO COPA MUNDIAL X700 CAJA MARADONA O MESSI;MERCHANDISING;22600
576;VASO FERCHETTO X 1;MERCHANDISING;23600
44470;VASO FERNET DORADO;MERCHANDISING;7900
3323;VASO FERNET TAPIN NEGRO O TRANSPARENTE;MERCHANDISING;8600
454511047;VASO FERNETAZO TODOS;MERCHANDISING;10500
3319;VASO GIN INMIGRANTE;MERCHANDISING;2500
1232134;VASO HEINEKEN BORDADO X500ML;MERCHANDISING;23300
3378;VASO PATAGONIA IPA CURVO X 500;MERCHANDISING;13100
3328;VASO PATAGONIA NONICA;MERCHANDISING;9400
3320;VASO PINTA GUINNESS;MERCHANDISING;5500
32165;VASO QUILMES MURPHY X33;MERCHANDISING;11800
878;VASO SIDRA 1888;MERCHANDISING;5900
3317;VASO VERMUT UNICO;MERCHANDISING;2000
7778883312;VASO WHISKY MAREADO;MERCHANDISING;7900
221;BANDEJAS MONTES;MERCHANDISING CARO;45000
142536;BOLSO PATAGONIA;MERCHANDISING CARO;33000
7798396370465;BOTANICOS SECOS PREIMIUM;MERCHANDISING CARO;18400
7797216001046;CARTAS CASINO;MERCHANDISING CARO;3600
77788111;CHOPP CERAMICA HEINEKEN;MERCHANDISING CARO;11500
584;COLADOR ORUGA;MERCHANDISING CARO;44900
3;COPA GIN RUNA;MERCHANDISING CARO;10800
7792798011209;COPA STELLA 500 X 2 UNIDADES;MERCHANDISING CARO;30000
54771136;DECANTADOR CON MANIJA;MERCHANDISING CARO;41300
2233;DECANTADOR CORTE DIAGONAL;MERCHANDISING CARO;34600
7790975199115;ESTUCHE CHANDON X 2 + COPAS;MERCHANDISING CARO;57500
7798177207010;ESTUCHE FERNET + VASO FERNET CERAMICA;MERCHANDISING CARO;42000
1845;ESTUCHE FERNET X 750 + VASO DE CERAMICA;MERCHANDISING CARO;42000
6547687458646;ESTUCHE GIN DALMATA WILDBERRY + COPA;MERCHANDISING CARO;29000
154711131;ESTUCHE JAGERMEISTER + 2 SHOT;MERCHANDISING CARO;45000
5000267172828;ESTUCHE JOHNNIE WALKER COLLECTION;MERCHANDISING CARO;337500
3525454111;FRAPERA BUDWEISER PLASTICA;MERCHANDISING CARO;25500
7792281104326;FRAPERA METALICA CAROL;MERCHANDISING CARO;28800
322151;FRAPERA MICHELOB;MERCHANDISING CARO;22100
212141;FRAPERA QUILMES IPA;MERCHANDISING CARO;22100
HB17;HABANO SAN CRISTOBAL X 1U;MERCHANDISING CARO;25600
5431.21.21.2;HELADERA BRAHMA;MERCHANDISING CARO;68000
787844;HELADERA BRANCA + 2 FERNET DORADO;MERCHANDISING CARO;190000
038;HELADERA CORONA;MERCHANDISING CARO;125000
212578431;HELADERA MILLER;MERCHANDISING CARO;120000
54545451177;HELADERA MILLER;MERCHANDISING CARO;120000
77441;JAGERMEISTER X 700 + 2 SHOTS;MERCHANDISING CARO;45000
7793147572174;KIT ASADOR HEINEKEN;MERCHANDISING CARO;37800
7891155048756;KIT CERVECERO VASOS ESPECIALES X 5;MERCHANDISING CARO;26300
7798008090477;KIT DECANTADOR CON 2 COPAS;MERCHANDISING CARO;26800
888221111;LATA CONSERVADORA GIGANTE BRAHMA;MERCHANDISING CARO;29900
5747871113;LONA ACONCAGUA;MERCHANDISING CARO;6000
787848;MATE BORDE ANCHO;MERCHANDISING CARO;35000
1112;MATE GRABADO;MERCHANDISING CARO;25000
7312040017508;MINIATURA ABSOLUT CLASICO;MERCHANDISING CARO;10000
7312040350247;MINIATURA ABSOLUT PEARS;MERCHANDISING CARO;10000
7312040350025;MINIATURA ABSOLUT RASPBERRY;MERCHANDISING CARO;10000
MOCHILA;MOCHILA JAGERMEISTER;MERCHANDISING CARO;45000
45237357473;MOCHILA JAGERMEISTER VERDE;MERCHANDISING CARO;45000
7792798014170;PELOTA PEPSI;MERCHANDISING CARO;33700
7792798015276;PELOTA QUILMES ARGENTINA;MERCHANDISING CARO;30000
9565;POSAVASOS MONTES;MERCHANDISING CARO;30000
6160941016127;SACACORCHO MARIPOSA SUELTO TOP CHOICE;MERCHANDISING CARO;11700
8596549128739;SET ASADOR CAJA METALICA CON 3 PIEZAS;MERCHANDISING CARO;35400
7798137951304;SET CERVEZA BEAGLE X 3;MERCHANDISING CARO;11600
44711;SET CERVEZA ESTRELLA X4 + VASO;MERCHANDISING CARO;41300
54111;SET CERVEZA SCHOFFERHOFER X3 + VASO;MERCHANDISING CARO;42900
6920240075511;SET COCTELERA + ACCESORIOS;MERCHANDISING CARO;36600
347264223523;SET CUBIERTOS ASADO QUILMES;MERCHANDISING CARO;34500
2000020016942;SET DE WHISKY LABRADO;MERCHANDISING CARO;27900
6826495693176;SET DELANTAL PARRILLERO;MERCHANDISING CARO;41400
7793147572693;SET VASOS HEINEKEN X 2;MERCHANDISING CARO;30000
3324;SET VINO PORTA BOTELLA CON ACCESORIOS X4  BAMBU;MERCHANDISING CARO;44000
6971199577083;SET VINO PORTA BOTELLA CON ACCESORIOS X4 NEGRA;MERCHANDISING CARO;36500
6992024861023;SET VINO SACACORCHO MARIPOSA;MERCHANDISING CARO;25400
55874222;SET VINO X 4 CAJA BAMBU;MERCHANDISING CARO;26500
111;SET VINO X6 MADERA;MERCHANDISING CARO;27700
34;TABLA PATAGONIA GRANDE 24.7;MERCHANDISING CARO;37500
7792798012381;TABLA PIZZA STELLA + CORTADOR;MERCHANDISING CARO;34000
TERMO;TERMO PLATEADO;MERCHANDISING CARO;35000
7792798014408;TOALLA GATORADE;MERCHANDISING CARO;25800
6352334;VASO COPA MUNDIAL CHICO X 700ML SIN CAJA;MERCHANDISING CARO;19900
41515142;VASO COPA MUNDIAL GRANDE X 1200ML;MERCHANDISING CARO;32900
7844;VASO CORONA X 4,9;MERCHANDISING CARO;9300
763571800690;VASO FERCHETO + BOMBILLA Y POSAVASO;MERCHANDISING CARO;39400
577;VASO FERCHETTO X 1 NEGRO TRES ESTRELLAS;MERCHANDISING CARO;28500
88;VASO HOEGAARDEN GRANDE;MERCHANDISING CARO;17300
857050005055;MINIATURA AVIATION;MINIATURAS;5000
080480016210;MINIATURA BACARDI;MINIATURAS;5000
086767210128;MINIATURA BAILEYS;MINIATURAS;5000
7635717630870;MINIATURA BOSQUE ALTA MONTAñA;MINIATURAS;5000
080420830074;MINIATURA DEWARS;MINIATURAS;5000
050037016451;MINIATURA DISARONNO;MINIATURAS;5000
195893714483;MINIATURA DUNORD;MINIATURAS;5000
7790290001254;MINIATURA FERNET BRANCA;MINIATURAS;5000
088004144708;MINIATURA FIREBALL;MINIATURAS;5000
080480989347;MINIATURA GREY GOOSE;MINIATURAS;5000
111111111110;MINIATURA JACK DANIELS;MINIATURAS;5000
546846434;MINIATURA JAGERMASTER;MINIATURAS;5000
12210255553;MINIATURA WOODFORD;MINIATURAS;5000
7798460774045;ALMENDRAS FUENTESS X300;SNACKS CERRADOS;13500
7798187212448;BATATAS QUENTO X 70 CAPRESE;SNACKS CERRADOS;2500
7798187212370;BATATAS QUENTO X 70 CEBOLLA CARAMELIZADA;SNACKS CERRADOS;2500
7798187212356;BATATAS QUENTO X 70 CREMA Y ROQUEFORT;SNACKS CERRADOS;2500
7798187212387;BATATAS QUENTO X 70 MOSTAZA Y MIEL;SNACKS CERRADOS;2500
7798187212363;BATATAS QUENTO X 70 PAPRIKA AHUMADA;SNACKS CERRADOS;2500
7798187212455;BATATAS QUENTO X 70 SWEET CHILLI;SNACKS CERRADOS;2500
7798187211892;BATATAS QUENTO X 75;SNACKS CERRADOS;2500
7798460773963;CASTAñAS FUENTES X 300;SNACKS CERRADOS;9600
7798460773949;CASTAñAS FUENTES X 300 TOSTADAS Y SALADAS;SNACKS CERRADOS;9100
7798187211908;CHIZITOS QUENTO X 95;SNACKS CERRADOS;2500
7798187211663;CONOS DE QUESO QUENTO X 80;SNACKS CERRADOS;2500
7798460771785;GRANOLA CON CHIPS X 300 FUENTES;SNACKS CERRADOS;4100
7798460774175;GRANOLA ENERGETICA X 300 FUENTES;SNACKS CERRADOS;2900
7798460772195;GRANOLA PATAGONIA X 300 FUENTES;SNACKS CERRADOS;4500
7798460772737;MAIZ FRITO FUENTESS X300;SNACKS CERRADOS;5500
7798187210291;MANI CERVECERO QUENTO X 75 PIZZA;SNACKS CERRADOS;1700
7798041710059;MANI EL FARO X 500 CON CASCARA;SNACKS CERRADOS;4700
7798460774151;MIX FUENTES X 300 CUATRO SEMILLAS;SNACKS CERRADOS;2500
7798460773727;MIX FUENTES X 300 ESPECIAL;SNACKS CERRADOS;8400
7798460773840;MIX FUENTES X 300 PATAGONICO;SNACKS CERRADOS;8300
7798460773826;MIX FUENTES X 300 SALADO;SNACKS CERRADOS;2900
7192460773808;MIX FUENTES X 300 SALADO PREMIUM;SNACKS CERRADOS;4200
7798460773802;MIX FUENTES X 300 SALADO PREMIUM;SNACKS CERRADOS;4200
7798460773703;MIX FUENTES X 300 SIN MANI;SNACKS CERRADOS;8300
7798460773765;MIX FUENTES X 300 TRADICIONAL;SNACKS CERRADOS;6600
7798460773741;MIX FUENTES X 300 TROPICAL;SNACKS CERRADOS;6900
7798460774236;MIX PUENTES X 300 PREMIUM;SNACKS CERRADOS;10500
7798187211878;NACHOS QUENTO X 72 QUESO;SNACKS CERRADOS;2500
7798187212257;NACHOS QUENTO X 82 CON SAL;SNACKS CERRADOS;2500
7798460774090;NUECES FUENTES X 250;SNACKS CERRADOS;8400
7798063140568;PALITOS TUNKI POP X1KG QUESO;SNACKS CERRADOS;9600
7798063140865;PALITOS TUNKI X 80G;SNACKS CERRADOS;1000
038000846755;PAPAS PRINGLES X 37 CHEDDAR;SNACKS CERRADOS;2900
7798187212196;PAPAS QUENTO X 82 ASADO;SNACKS CERRADOS;2500
7798187212189;PAPAS QUENTO X 82 BARBACOA;SNACKS CERRADOS;2500
7798187212202;PAPAS QUENTO X 82 CHEDDAR;SNACKS CERRADOS;2500
7798187211854;PAPAS QUENTO X 82 CREMA Y CEBOLLA;SNACKS CERRADOS;2500
7798187211885;PAPAS QUENTO X 82 JAMON;SNACKS CERRADOS;2500
7798187211861;PAPAS QUENTO X 82 KETCHUP;SNACKS CERRADOS;2500
7798187212172;PAPAS QUENTO X 82 LIMON;SNACKS CERRADOS;2500
7798187212165;PAPAS QUENTO X 82 MOSTAZA;SNACKS CERRADOS;2500
7798187211847;PAPAS QUENTO X 92 CLASICAS;SNACKS CERRADOS;2500
7798187212219;PAPAS QUENTO X 92 ONDULADAS;SNACKS CERRADOS;2500
7798187211922;QUENTO MIX X 100;SNACKS CERRADOS;2500
7798187211267;BATATAS QUENTO X130;SNACKS TODOS;4100
7794520870412;CHIZITOS KRACHITOS X 240;SNACKS TODOS;5500
7794520868228;CHIZITOS KRACHITOS X 300;SNACKS TODOS;5500
7798460772751;MANI JAPONES FUENTES X 300;SNACKS TODOS;3100
723540525122;MANI LUCKY X 1KG CROCANTE SALADO;SNACKS TODOS;8200
723540525092;MANI LUCKY X 1KG JAMON;SNACKS TODOS;8200
723540525115;MANI LUCKY X 1KG PIZZA;SNACKS TODOS;8200
723540525085;MANI LUCKY X 1KG SALAME;SNACKS TODOS;8200
7798041710042;MANI TOSTADO PELADO EL FARO X 200;SNACKS TODOS;2000
7798187211939;NACHOS QUENTO X 80 PICANTES;SNACKS TODOS;2500
7794520868235;PALITOS KRACHITOS X500 CLASICO;SNACKS TODOS;7900
7794520869157;PAPAS KRACHITOS AMERICANAS X 420;SNACKS TODOS;9900
7794520868884;PAPAS KRACHITOS CHEDDAR X 330;SNACKS TODOS;7500
7794520868860;PAPAS KRACHITOS JAMON SERRANO X 330;SNACKS TODOS;7500
7794520868792;PAPAS KRACHITOS TRADICIONAL X 420;SNACKS TODOS;9900
7896004009155;PAPAS PRINGLES X 104 ORIGINAL;SNACKS TODOS;6000
7896004011790;PAPAS PRINGLES X 105 CHEDAR Y BACON;SNACKS TODOS;6000
7896004009162;PAPAS PRINGLES X 109 CREMA Y CEBOLLA;SNACKS TODOS;6000
7896004009179;PAPAS PRINGLES X 109 QUESO;SNACKS TODOS;6000
7896004009193;PAPAS PRINGLES X 37 CREMA Y CEBOLLA;SNACKS TODOS;2900
7896004009186;PAPAS PRINGLES X 37 ORIGINAL;SNACKS TODOS;2900
7798187211182;PAPAS QUENTO X 475 AMERICANAS;SNACKS TODOS;8400
7798187211014;PAPAS QUENTO X 475 CLASICAS;SNACKS TODOS;8400
7798187212332;PAPAS QUENTO X145 JAMON SERRANO;SNACKS TODOS;3700
7798187212325;PAPAS QUENTO X160 CLASICAS;SNACKS TODOS;3700
734071247742;VAPER SUPRIME V180;VAPERS;24000
1;AJUSTE;VARIOS;999999
8051708029437;ALBUM PANINI MUNDIAL;VARIOS;10000
8051708031164;ALBUM PANINI TAPA DURA MUNDIAL;VARIOS;30000
1010302001;BOMBILLA STANLEY VERDE;VARIOS;42000
1012111076;BOTELLA TERMICA STANLEY 1LT;VARIOS;144000
7798460772317;CACAO AMARGO ALCALINO X 300 FUENTES;VARIOS;8200
7798460772331;CACAO NATURAL X 300 FUENTES;VARIOS;11500
6;CAJA DE CARTON PARA REGALO DOBLE O TRIPLE;VARIOS;8000
5;CAJA NEGRA CON TAPA PARA 2 BOTELLAS;VARIOS;4300
15151888;COFRE DOBLE CON BISAGRA;VARIOS;17800
88881111;COFRE INDIVIDUAL CON BISAGRA;VARIOS;15000
8787111211;COFRE INDIVIDUAL NEGRO MONTES;VARIOS;15000
11118888;COFRE INDIVIDUAL VIDRIO CORREDIZO;VARIOS;14000
578787121;COFRE TRIPLE;VARIOS;17000
874465674;COFRE TRIPLE SIN TAPA;VARIOS;14500
216453214384;CUADROS DE CORCHOS;VARIOS;19000
GENER;CUBILETE CON DADOS;VARIOS;11600
070330913431;ENCENDEDOR MINI BIC;VARIOS;1000
8441;ESTUCHE 2 SERNOVA WILDBERRIES;VARIOS;17000
7741;ESTUCHE FERNET + FERNET MENTA;VARIOS;28000
587845645;ESTUCHE FERNET X 750 + VASO DE VIDRIO;VARIOS;25000
7897653549146;FIGURITAS PANINI X7 MUNDIAL;VARIOS;2000
7798460772355;GELATINA SIN SABOR X 300FUENTES;VARIOS;8800
7798460774267;HIBISCUS FUENTES X 80;VARIOS;3000
78931053;HUEVO KINDER NENA 20G;VARIOS;3700
40084107;HUEVO KINDER NENE 20G;VARIOS;3700
03400704;ICE BREAKERS COOLMINT;VARIOS;5300
03421105;ICE BREAKERS DUO FRUIT COOL;VARIOS;5300
03466506;ICE BREAKERS DUO STRAWBERRY;VARIOS;5300
03499504;ICE BREAKERS SOUR MIXED BERRY;VARIOS;5300
03409802;ICE BREAKERS SOURS WATERMELON;VARIOS;5300
80050094;KINDER MAXI;VARIOS;2100
040000508830;M&M CARAMEL;VARIOS;4300
7797453001441;M&M CHOCOLATE;VARIOS;4300
7797453001458;M&M MANI;VARIOS;4300
040000001447;M&M PEANUT;VARIOS;4300
1009628001;MATE STANLEY VERDE;VARIOS;73000
7898024395232;NUTELLA X140G;VARIOS;6000
7842525000027;PAPAS CAPITAN CUAC;VARIOS;4100
7842525000065;PAPAS CAPITAN CUAC CHEDDAR;VARIOS;4100
7798297917868;PAPELILLO TONKING CELULOSA;VARIOS;900
10000837364;PETACA STANLEY;VARIOS;81000
9044400841000;PEZ  BLISTER;VARIOS;5500
7798040463598;PUSH POP 15G;VARIOS;900
7798040463918;PUSH POP CARTUCHERA COMBO;VARIOS;8200
1515451;PUSH POP TROPICAL;VARIOS;900
8000500232057;RAFFAELLO X 90G;VARIOS;7000
04026606;SKITTLES ACIDOS;VARIOS;3600
022000018465;SKITTLES ORIGINAL;VARIOS;2300
022000018489;SKITTLES WILD BERRY CHICO 61G;VARIOS;4300
1010296017;TERMO STANLEY  X 800 MATE SYSTEM VERDE;VARIOS;153000
1010297020;TERMO STANLEY 1.2 LTS NEGRO MATE SYSTEM;VARIOS;182000
10102297020;TERMO STANLEY MATE SYSTEM 1.2 LTS NEGRO;VARIOS;182000
1010297016;TERMO STANLEY VERDE 1.2LTS;VARIOS;182000
3315;VASO BOMBE COD 3315;VARIOS;2000
2323;VASO CODIGO 2323;VARIOS;3900
3030;VASO CODIGO 3030;VARIOS;3900
3318;VASO CODIGO 3318;VARIOS;2900
1012485374;VASO QUENCHER X 887 TWILIGHT AZUL;VARIOS;135000
1010827819;VASO STANLEY FLOWSTATE TUMBLER ROSA;VARIOS;124000
1011357017;VASO STANLEY GOLDEN HOUR BLANCO;VARIOS;77000
161357018;VASO STANLEY GOLDEN HOUR PLATEADO;VARIOS;77000
1011357020;VASO STANLEY GOLDEN HOUR PLATEADO/CAFE;VARIOS;77000
1012485371;VASO STANLEY QUENCHER;VARIOS;135000
1010825505;VASO STANLEY QUENCHER 1182ML ROSE PETAL;VARIOS;135000
1012817132;VASO STANLEY QUENCHER X 591 ML;VARIOS;111000
1010829500;VASO STANLEY QUENCHER X 887 LILA PASTEL;VARIOS;124000
1012080099;VASO TERMICO STANLEY;VARIOS;95000
2121;VASO WHISKY LABRADO CODIGO 2121;VARIOS;3700
2222;VASO WHISKY LABRADO CODIGO 2222;VARIOS;3700
5000267129778;WHISKY JOHNNIE WALKER X 3L RED LABEL;VARIOS;240700
7790240096729;ESPUMANTE COSTA Y PAMPA X 750 EXTRA BRUT;VINOS;20000
7790336039234;ESTUCHE FEDERICO LOPEZ X750 GRAN JEREZ;VINOS;11100
1779809111267;ESTUCHE VINO ACHAVAL FERRER X3;VINOS;378800
1254441;ESTUCHE VINO ALTURA MAXIMA X 3 MALBEC;VINOS;312700
7794450940810;ESTUCHE VINO ANGELICA ZAPATA X 750 MALBEC;VINOS;41300
15154141;ESTUCHE VINO BRESSANO + 2 COPAS;VINOS;154000
5014;ESTUCHE VINO BRESSANO X750 MALBEC;VINOS;65300
03912938121;ESTUCHE VINO CLOS DE LOS 7 X 4  AñADAS;VINOS;186400
902299911500;ESTUCHE VINO CUPRA X1500 GRAN CORTE;VINOS;120800
3232;ESTUCHE VINO CUPRA X1500 GRAN MALBEC;VINOS;120800
3333;ESTUCHE VINO CUPRA X1500 ROSE;VINOS;115000
3131;ESTUCHE VINO CUPRA X3 GRAN CORTE;VINOS;149300
902399903750;ESTUCHE VINO CUPRA X3 GRAN MALBEC;VINOS;149300
902223243750;ESTUCHE VINO CUPRA X3 MAL-ROSE-CORTE;VINOS;149300
3535;ESTUCHE VINO CUPRA X3 MALBEC-CORTE-ROSE;VINOS;149200
24623772733;ESTUCHE VINO CUPRA X3 NEGRO GRAN MALBEC/ROSE/CORTE;VINOS;149100
7790415000858;ESTUCHE VINO DON ESCORIHUELA X750 ROBLE;VINOS;83100
7794450091376;ESTUCHE VINO DV CATENA CABERNET MALBEC X2;VINOS;39500
7790415003927;ESTUCHE VINO ESCORIHUELA GASCON X3 MAL-CS-S;VINOS;38100
7790415132726;ESTUCHE VINO ESCORIHUELA PEQUEñAS PROD X750 MALB;VINOS;34500
7790415002487;ESTUCHE VINO ESCORIHUELA X2 VINOS MAL Y CAB;VINOS;27500
7790415002500;ESTUCHE VINO ESCORIHUELA X750 GRAN RESERVA;VINOS;24900
7790415000834;ESTUCHE VINO ESCORIHUELA X750 MALBEC;VINOS;18200
7790415000797;ESTUCHE VINO FAMILIA GASCON ROBLE X750 MALBEC;VINOS;11600
7790415000810;ESTUCHE VINO FAMILIA GASCON X750 MALBEC;VINOS;10300
7790470086705;ESTUCHE VINO FINCA FLICHMAN X 4;VINOS;106700
FORAST;ESTUCHE VINO FORASTERO BLEND X 3;VINOS;93800
G56463436;ESTUCHE VINO JORGE FALASCO X 750 MALBEC;VINOS;108100
4447771144;ESTUCHE VINO LAS PERDICES X 3 BOTELLAS;VINOS;30800
7848;ESTUCHE VINO MAAL X1.5 MAALISMO;VINOS;77000
774;ESTUCHE VINO MAAL X3 MALBEC;VINOS;84000
5456451111;ESTUCHE VINO PACIENCIA X 3 BOTELLAS;VINOS;84000
7790577001670;ESTUCHE VINO RUTINI CABERNET-MALBEC  X 750;VINOS;26100
7790577007931;ESTUCHE VINO RUTINI X 2BOT CABERNET-MALBEC;VINOS;42100
7790577043656;ESTUCHE VINO RUTINI X3LTS CABERNET FRANC MALBEC;VINOS;147000
7794450000040;ESTUCHE VINO SAINT FELICIEN X 750 MALBEC;VINOS;16800
7794450000026;ESTUCHE VINO SAINT FELICIEN X 750 MALBEC;VINOS;16800
7794450091192;ESTUCHE VINO SAINT FELICIEN X2 VINOS;VINOS;33600
7790577006903;ESTUCHE VINO TRUMPETER 1 X 750 MALBEC;VINOS;12900
7790577003889;ESTUCHE VINO TRUMPETER MALBEC DOBLE X 750;VINOS;24700
2558;ESTUCHE VINO UNIVERSO PARALELO X1500 BLEND;VINOS;187000
25887;ESTUCHE VINO UNIVERSO PARALELO X1500 MALBEC;VINOS;187000
125478;ESTUCHE VINO UNIVERSO PARALELO X4;VINOS;161700
2157546;GIN JAIPUR X 750 LONDON DRY;VINOS;7000
7794068001064;JEREZ CROTTA X 750;VINOS;6354,65
7790336039104;JEREZ LOPEZ X 750 BLEND DE COSECHAS;VINOS;8900
7794450945945;JEREZ PERA GRAU CATENA;VINOS;44100
7794068000081;MOSCATO CROTTA;VINOS;5100
778884;OFERTA SALENTEIN RESERVA  X2 (NO MALBEC);VINOS;20000
7794068001057;OPORTO CROTTA X 750;VINOS;6600
5786984;REGALO EMPRESARIAL;VINOS;600
7798080492343;VINO 4000 RESERVA X 750 MALBEC;VINOS;7700
7798091112506;VINO ACHAVAL FERRER X 750 ALTAMIRA MALBEC;VINOS;126300
7798091112513;VINO ACHAVAL FERRER X750 BELLA VISTA;VINOS;126300
7798091112520;VINO ACHAVAL FERRER X750 MIRADOR MALBEC;VINOS;126300
7798091112537;VINO ACHAVAL FERRER X750 NAZARENAS MALBEC;VINOS;126300
7798152261754;VINO AGUIJON DE ABEJA OBRERA X 750 CABERNET FRANC;VINOS;17700
7798152260429;VINO AGUIJON DE ABEJA OBRERA X 750 CHARDONNAY;VINOS;17700
7798152260177;VINO AGUIJON DE ABEJA OBRERA X 750 MALBEC;VINOS;17700
7798152262126;VINO AGUIJON DE ABEJA REINA X 750 BLANCO;VINOS;21900
7798152262133;VINO AGUIJON DE ABEJA REINA X 750 CABERNET FRANC;VINOS;21900
7798152261969;VINO AGUIJON DE ABEJA REINA X 750 MALBEC;VINOS;21900
7798123970692;VINO ALA COLORADA X 750 ANCELLOTTA;VINOS;17500
7798123970593;VINO ALA COLORADA X 750 CABERNET FRANC;VINOS;17500
7798123971149;VINO ALA COLORADA X 750 PETIT VERDOT;VINOS;17500
7798123972207;VINO ALA COLORADA X 750 TANNAT;VINOS;17500
7791728238952;VINO ALAMBRADO X 750 CABERNET FRANC;VINOS;9200
7791728002713;VINO ALAMBRADO X 750 CABERNET SAUVIGNON;VINOS;9200
7791728004366;VINO ALAMBRADO X 750 CHARDONNAY;VINOS;9200
7791728002690;VINO ALAMBRADO X 750 MALBEC;VINOS;9200
7794450000781;VINO ALAMOS X 750 MALBEC;VINOS;6400
7393025206;VINO ALBAROSSA X750 NEGROMARO;VINOS;24600
7393025207;VINO ALBAROSSA X750 PRIMITIVO;VINOS;33100
7790649991250;VINO ALEGORIA GRAN RESERVA X 750 MALBEC;VINOS;16400
8410023095495;VINO ALEGRA PREMIUM X 750 ROSE;VINOS;53000
7798098891169;VINO ALFA CRUX  X750 MALBEC;VINOS;41100
7790240042108;VINO ALMA MORA X 750 MALBEC;VINOS;6400
7791540044106;VINO ALMA MORA X 750 RESERVA MALBEC;VINOS;7100
7798126080343;VINO ALMA NEGRA X 750 BLANCO;VINOS;22900
7798126080015;VINO ALMA NEGRA X 750 TINTO;VINOS;23000
7798057482858;VINO ALTA VISTA ESTATE X750 CABERNET FRANC;VINOS;9300
7798057480366;VINO ALTA VISTA ESTATE X750 CABERNET SAUVIGNON;VINOS;9300
7798057480076;VINO ALTA VISTA ESTATE X750 CHARDONNAY;VINOS;9300
7798057480090;VINO ALTA VISTA ESTATE X750 MALBEC;VINOS;9300
7798057483060;VINO ALTA VISTA VIVE X750 CABERNET SAUVIGNON;VINOS;6900
7798057483077;VINO ALTA VISTA VIVE X750 CHARDONNAY;VINOS;6900
7798057483053;VINO ALTA VISTA VIVE X750 MALBEC;VINOS;6900
7798057482896;VINO ALTA VISTA VIVE X750 RED BLEND;VINOS;6900
7798057480113;VINO ALTA VISTA VIVE X750 ROSE;VINOS;6900
7794450004499;VINO ALTALAND X750 CABERNET SAUVIGNON;VINOS;12300
7794450004512;VINO ALTALAND X750 MERLOT;VINOS;12300
7794450004529;VINO ALTALAND X750 PINOT;VINOS;12300
7794450004505;VINO ALTALAND X750 SYRAH;VINOS;12300
7794450004536;VINO ALTALAND X750 TINTO HISTORICO;VINOS;12300
7794450004482;VINO ALTALAND X750 TORRONTES;VINOS;12300
7798103861095;VINO ALTOSUR X 750 BONARDA;VINOS;7500
7798103862245;VINO ALTOSUR X 750 CABERNET SAUVIGNON;VINOS;7500
7798103862214;VINO ALTOSUR X 750 CHARDONNAY;VINOS;7500
7798103869008;VINO ALTOSUR X 750 DULCE NATURAL;VINOS;7500
7798103862238;VINO ALTOSUR X 750 MALBEC;VINOS;7500
7798103868261;VINO ALTOSUR X 750 MALBEC ROSE;VINOS;7500
7798103861545;VINO ALTOSUR X 750 RED BLEND;VINOS;7500
7798103868254;VINO ALTOSUR X 750 SAUVIGNON BLANC;VINOS;7500
7798103868506;VINO ALTOSUR X 750 TORRONTES;VINOS;7500
7798104760502;VINO ALTURA MAXIMA X 750 (DEL ESTUCHE POR UNIDAD);VINOS;105000
7798104760496;VINO ALTURA MAXIMA X 750 PINOT;VINOS;68000
7798104760489;VINO ALTURA MAXIMA X 750 SAUVIGNON BLANC;VINOS;68000
7798109155181;VINO ALZAMORA X750 MALBEC;VINOS;10000
7798104769468;VINO AMALAYA CORTE DE ORIGEN X 750;VINOS;9700
7798104760373;VINO AMALAYA X 750 DULCE TORRONTES RIESLING;VINOS;8100
7798104763039;VINO AMALAYA X 750 MALBEC;VINOS;8100
7798104760328;VINO AMALAYA X 750 ROSADO MALBEC TORRON;VINOS;8100
7798104769093;VINO AMALAYA X750 TORRONTES RIESLING;VINOS;8100
74434;VINO ANGELADO X750 CABERNET SAUVUGNION;VINOS;8900
74433;VINO ANGELADO X750 DULCE NATURAL;VINOS;8900
789456;VINO ANGELADO X750 GRAN BLEND 2018;VINOS;15200
7798399980036;VINO ANGELADO X750 GRAN MALBEC 2018;VINOS;15200
74435;VINO ANGELADO X750 MALBEC;VINOS;8900
74429;VINO ANGELADO X750 RED BLEND;VINOS;8900
74432;VINO ANGELADO X750 ROSE;VINOS;8900
7794450088963;VINO ANGELICA ZAPATA X 750 CABERNET FRANC;VINOS;23100
7794450008282;VINO ANGELICA ZAPATA X 750 CABERNET SAUVIGNON;VINOS;23100
7794450008268;VINO ANGELICA ZAPATA X 750 CHARDONNAY;VINOS;23100
7794450008275;VINO ANGELICA ZAPATA X 750 MALBEC;VINOS;25600
7794450008961;VINO ANGELICA ZAPATA X 750 MERLOT;VINOS;23100
7878445;VINO ANGELO MATTEI X750 MALBEC;VINOS;15000
7798126081708;VINO ANIMAL X 750 CABERNET SAUVIGNON;VINOS;14300
7798126080459;VINO ANIMAL X 750 MALBEC;VINOS;14300
7744111333;VINO ANIMAL X750 CRIOLLA;VINOS;13000
7791843019917;VINO ANTONIETA X 750 ROSE;VINOS;14500
0781159007491;VINO AQUI ESTAMOS TODOS LOCOS X 750 BUONAMICO;VINOS;9300
781159007521;VINO AQUI ESTAMOS TODOS LOCOS X750 GRAN RSV 2018;VINOS;25200
781159007460;VINO AQUI ESTAMOS TODOS LOCOS X750 MATICHA;VINOS;9300
781159007330;VINO AQUI ESTAMOS TODOS LOCOS X750 TEMPRA_ANCELLO;VINOS;6900
7798359120052;VINO ARAUCANA AZUL X 750;VINOS;120900
7798359120069;VINO ARAUCANA RDC X 750 MALBEC;VINOS;34000
7798359120533;VINO ARAUCANA RDC X 750 MALBEC ROSE;VINOS;34000
7798359120076;VINO ARAUCANA RDC X 750 PINOT;VINOS;34000
7798359120014;VINO ARAUCANA X 750 MALBEC;VINOS;50200
A;VINO ARAUCANA X 750 PINOT;VINOS;33500
7798124703183;VINO ARBOL DE MARIPOSAS X 750 CABERNET;VINOS;14000
7798124703169;VINO ARBOL DE MARIPOSAS X 750 MALBEC;VINOS;14000
7798121461031;VINO ARUMA X750 MALBEC;VINOS;23300
7798080493340;VINO AS DE CORAZON X750 MALBEC;VINOS;5500
8436613740224;VINO AS DE PICAS X750 ROBLE;VINOS;7000
222322214;VINO ATAMISQUE GRAN MALBEC X 750;VINOS;56000
7798143820250;VINO ATAMISQUE X 750 ASSEMBLAGE;VINOS;47900
7798143822988;VINO ATAMISQUE X 750 CABERNET FRANC;VINOS;47900
7798143820236;VINO ATAMISQUE X 750 MALBEC;VINOS;47900
78411;VINO AZZONI X750 MALBEC;VINOS;12500
7790805750202;VINO BARZI CANALE X 750 BLEND;VINOS;68600
7790805750431;VINO BARZI CANALE X 750 PINOT NOIR;VINOS;103600
841029600108;VINO BERONIA DOC RIOJA GRAN RESERVA X 750;VINOS;66400
7798116200706;VINO BLACK TEARS X 750 MALBEC;VINOS;71300
7790189743787;VINO BLEND DE EXTREMOS X 750 PINOT;VINOS;12358,8
7798101653371;VINO BOUSQUET X 750 GRAN CABERNET SAUVIGNON;VINOS;20300
7798101651568;VINO BOUSQUET X 750 GRAN MALBEC;VINOS;20300
7791843023105;VINO BRESSANO X 750 CHARDONNAY;VINOS;40800
7791843019689;VINO BRESSANO X 750 MALBEC;VINOS;40800
7798116930108;VINO BRESSIA X 750 CONJURO;VINOS;61800
7798116930160;VINO BRESSIA X 750 LAGRIMA CANELA;VINOS;32900
7798116930054;VINO BRESSIA X 750 PIEL NEGRA;VINOS;40700
7798116930016;VINO BRESSIA X 750 PROFUNDO;VINOS;32200
7798116930214;VINO BRESSIA X 750 ULTIMA HOJA;VINOS;110200
040232278853;VINO BRIDGES X 750 BLEND;VINOS;19600
7798287390633;VINO CALLEJON DEL CRIMEN X 750 GRAN RVA CAB FRANC;VINOS;13800
7798287390022;VINO CALLEJON DEL CRIMEN X750 GRAN RESERVA MALBEC;VINOS;13800
7798287390428;VINO CALLEJON DEL CRIMEN X750 RESERVA CAB FRA;VINOS;9800
7798287390060;VINO CALLEJON DEL CRIMEN X750 RESERVA MALBEC;VINOS;9800
7798287390336;VINO CALLEJON DEL CRIMEN X750 SANGIOVESE ROSE;VINOS;9800
7798108833479;VINO CALLIA X 375 MALBEC;VINOS;3000
7798108834032;VINO CALLIA X 750 CABERNET SAUVIGNON;VINOS;4500
7798108834018;VINO CALLIA X 750 CHARDONNAY;VINOS;4500
7798108834445;VINO CALLIA X 750 CRIOLLA;VINOS;4500
7798108833950;VINO CALLIA X 750 MALBEC;VINOS;4500
7798108834056;VINO CALLIA X 750 MERLOT;VINOS;4500
7798108833691;VINO CALLIA X 750 ROSE SYRAH;VINOS;4500
7798108834070;VINO CALLIA X 750 SAUVIGNON BLANC;VINOS;4500
7798108834094;VINO CALLIA X 750 SYRAH;VINOS;4500
7798108834131;VINO CALLIA X 750 SYRAH CABERNET;VINOS;4500
7798108834117;VINO CALLIA X 750 SYRAH MALBEC;VINOS;4500
7798108834155;VINO CALLIA X 750 TARDIO BLANCO DULCE;VINOS;4500
7798108834179;VINO CALLIA X 750 TARDIO ROSADO DULCE;VINOS;4500
7798108834193;VINO CALLIA X 750 TARDIO TINTO DULCE;VINOS;4500
7798111990985;VINO CASA BOHER AGRELO X 750 MALBEC;VINOS;14600
7798111990930;VINO CASA BOHER AGRELO X 750 VIOGNIER;VINOS;14600
7798111990916;VINO CASA BOHER SAN PABLO X 750 MALBEC;VINOS;14600
7798111990701;VINO CASA BOHER X 750 CABERNET FRANC;VINOS;11900
7798111990275;VINO CASA BOHER X 750 CABERNET SAUVIGNON;VINOS;11900
7798111990879;VINO CASA BOHER X 750 GRAN CORTE;VINOS;52000
7798111990794;VINO CASA BOHER X 750 GRAN RESERVA BLEND;VINOS;36900
7798111990268;VINO CASA BOHER X 750 MALBEC;VINOS;11900
7798111990282;VINO CASA BOHER X 750 MERLOT;VINOS;11900
7798111990909;VINO CASA BOHER X 750 ROSE;VINOS;11900
7798359120328;VINO CASA DE HERRERO X 750 CABERNET FRANC;VINOS;12100
7798359120175;VINO CASA DE HERRERO X 750 MALBEC;VINOS;12100
7798359120496;VINO CASA DE HERRERO X 750 PINOT;VINOS;12800
7798359120199;VINO CASA DE HERRERO X 750 ROSE;VINOS;11700
7798359120458;VINO CASA DE HERRERO X750 CORTE DE BLANCAS;VINOS;11700
7790336036196;VINO CASONA LOPEZ X750 MALBEC;VINOS;8300
7798143821523;VINO CATALPA X 750 CABERNET FRANC;VINOS;18500
7798143820014;VINO CATALPA X 750 MALBEC;VINOS;18500
7798143820021;VINO CATALPA X 750 PINOT;VINOS;18500
7794450948465;VINO CATENA ZAPATA BIRTH OF CABERNET X750;VINOS;70900
7794450941145;VINO CATENA ZAPATA MALBEC ARGENTINO X750;VINOS;65700
7798103161799;VINO CAYADO X 750 MALBEC;VINOS;5800
7791843022511;VINO CHACABUCO X 500 CHENIN DULCE;VINOS;5600
7791843013441;VINO CHACABUCO X 750 CHENIN DULCE;VINOS;6300
7791843011393;VINO CHACABUCO X 750 MALBEC;VINOS;4400
7791843011881;VINO CHACABUCO X 750 VIOGNIER;VINOS;4400
7791843022801;VINO CHATEAU SUBSONICO PEDRO GIMENEZ X750 BLANCO;VINOS;9800
7791843024201;VINO CHATEAU SUBSONICO SINGLE VINEYARD X750 MALBEC;VINOS;14500
7799197000032;VINO CHATEAU SUBSONICO X 750 NARANJO;VINOS;9800
7791843022290;VINO CHATEAU SUBSONICO X750 MALBEC - ANCELLOTA;VINOS;9800
7791843022313;VINO CHATEAU SUBSONICO X750 MALBEC - CABERNET;VINOS;9800
7791843022306;VINO CHATEAU SUBSONICO X750 MALBEC - MERLOT;VINOS;9800
7791843022283;VINO CHATEAU SUBSONICO X750 MALBEC - PETIT VERDOT;VINOS;9800
7790336033508;VINO CHATEAU VIEUX X 750 BLEND TINTO;VINOS;12300
7790336033515;VINO CHATEAU VIEUX X 750 CHARDONNAY;VINOS;6200
7790336033447;VINO CHATEAU VIEUX X 750 GRAN RESERVA CHARDONNAY;VINOS;16100
7790336033317;VINO CHATEAU VIEUX X 750 MALBEC;VINOS;12300
7790415130630;VINO CIRCUS X 750 RED BLEND;VINOS;4500
7798131240046;VINO CLANDESTINO X 750 MALBEC;VINOS;8300
7798104410414;VINO CLOS DE LOS SIETE X750;VINOS;18000
714604143949;VINO COLECCION ARTISTICA X750 BARROCO;VINOS;15400
788070715672;VINO COLECCION ARTISTICA X750 IMPRESIONISMO;VINOS;15400
788070715665;VINO COLECCION ARTISTICA X750 SURREALISMO;VINOS;15400
7791250001673;VINO COLECCION PRIVADA  X 750 MALBEC;VINOS;7500
7798104769284;VINO COLOME X 750 EL ARENAL MALBEC;VINOS;29000
7798104769505;VINO COLOME X 750 EL CAMINO TANNAT;VINOS;29000
7790168904328;VINO COLON SELECTO X 750 DULCE FRESCO;VINOS;6900
7790168904373;VINO COLON SELECTO X 750 ROSADO DULCE;VINOS;6900
7790168904502;VINO COLON SELECTO X750 BLANCO DULCE;VINOS;6900
7790168904649;VINO COLON X 750 DURAZNO;VINOS;7200
7790168904663;VINO COLON X 750 FRUTOS ROJOS;VINOS;7200
7791843023730;VINO CONEJO VERDE X 500 CHENIN DULCE;VINOS;5900
7791843023754;VINO CONEJO VERDE X 500 ROSE;VINOS;5900
7791843020753;VINO CONEJO VERDE X 750 BLANC DE BLANCS;VINOS;6100
7791843020760;VINO CONEJO VERDE X 750 CHENIN DULCE;VINOS;8000
7791843020746;VINO CONEJO VERDE X 750 MALBEC;VINOS;6100
7791843020777;VINO CONEJO VERDE X 750 ROSE;VINOS;8000
7791843025062;VINO CONEJO VERDE X750 MALBEC BAJO ALCOHOL;VINOS;6100
7798108834230;VINO CONTRACARA X 750 BLEND;VINOS;6800
7798108834254;VINO CONTRACARA X750 MALBEC;VINOS;6800
7796138000250;VINO COQUENA X 750 CABERNET;VINOS;7500
7796138000373;VINO COQUENA X 750 CORTE DE TINTAS;VINOS;9600
7796138000120;VINO COQUENA X 750 MALBEC;VINOS;7500
7796138000182;VINO COQUENA X 750 ROSADO;VINOS;7500
7796138000175;VINO COQUENA X 750 TANNAT;VINOS;7500
7796138000137;VINO COQUENA X 750 TORRONTES;VINOS;7500
781159076442;VINO CORAZON VALIENTE X750 CLARETE ROSADO;VINOS;9300
7798353194691;VINO CORDERO BIB X 3L MALBEC;VINOS;15700
7798353195551;VINO CORDERO X 750 BONARDA;VINOS;4800
7798353194684;VINO CORDERO X 750 CHARDONNAY;VINOS;4800
7798353194653;VINO CORDERO X 750 MALBEC;VINOS;4800
7798353195568;VINO CORDERO X 750 MERLOT;VINOS;4800
7798353194677;VINO CORDERO X 750 ROSADO;VINOS;4800
7798353195575;VINO CORDERO X 750 SYRAH;VINOS;4800
7798074865665;VINO CORNELIE X 750 (LA UNIDAD);VINOS;116200
7792319972224;VINO COSECHA TARDIA X 750 BLANCO;VINOS;5200
7792319972248;VINO COSECHA TARDIA X 750 ROSADO;VINOS;5200
45123131;VINO CREACION RESERVA X750 TODOS;VINOS;8400
781159007484;VINO CRIOLLA ARGENTINA X 750 MOSCATEL;VINOS;5600
781159007354;VINO CRIOLLA ARGENTINA X750 BLANCO;VINOS;5600
781159007552;VINO CRIOLLA ARGENTINA X750 CHICA RESERVA;VINOS;11100
781159007682;VINO CRIOLLA ARGENTINA X750 CRIOLLA GRANDE TINTO;VINOS;5600
0781159007484;VINO CRIOLLA ARGENTINA X750 MOSCATEL NARANJO;VINOS;9300
781159007385;VINO CRIOLLA ARGENTINA X750 ROSADO;VINOS;5600
781159007538;VINO CRIOLLA ARGENTINA X750 ROSADO CANELA;VINOS;11100
7798359120120;VINO CUCHILLO DE PALO X 750 CABERNET FRANC;VINOS;15100
7798359120434;VINO CUCHILLO DE PALO X 750 CORTE DE BLANCAS;VINOS;15100
7798359120106;VINO CUCHILLO DE PALO X 750 MALBEC;VINOS;15100
7798359120090;VINO CUCHILLO DE PALO X 750 PINOT;VINOS;15100
7798359120083;VINO CUCHILLO DE PALO X 750 ROSE PINOT;VINOS;20400
7730975870638;VINO CUNA DE PIEDRA X750 MARSELAN;VINOS;17600
7730975870515;VINO CUNA DE PIEDRA X750 TANNAT ROSE;VINOS;17600
714604300212;VINO CUPRA X 750 GRAN CHARDONNAY;VINOS;39900
724751088048;VINO CUPRA X 750 GRAN CORTE;VINOS;50400
714604063162;VINO CUPRA X 750 GRAN MALBEC;VINOS;50400
714604300205;VINO CUPRA X 750 GRAN PINOT;VINOS;50400
763571734131;VINO CUPRA X 750 INCORONATA ROSE;VINOS;46200
7798136451225;VINO CUVELIER DE LOS ANDES X 750 BLEND 2019;VINOS;151400
7798136451065;VINO CUVELIER DE LOS ANDES X 750 GRAND MALBEC;VINOS;68800
7798136451041;VINO CUVELIER X 750 GRAND VIN;VINOS;39500
7798164860259;VINO DECIMO X 750 ANCELLOTTA;VINOS;17000
7791540052125;VINO DEMENCIAL X 750 PINOT NOIR;VINOS;15100
7791540052941;VINO DEMENCIAL X750 MALBEC;VINOS;15100
7798185960532;VINO DESQUICIADO X 750 GARNACHA;VINOS;12700
7798185960426;VINO DESQUICIADO X 750 MALBEC;VINOS;12700
7798141180738;VINO DIAMANDES GRAN RESERVA X 750 CHARDONNAY;VINOS;66300
7798141180165;VINO DIAMANDES GRAN RESERVA X 750 TINTO;VINOS;66300
7798110811991;VINO DON BICHO X750 BLEND NATURAL;VINOS;17500
7798110811939;VINO DON BICHO X750 CABERNET FRANC NATURAL;VINOS;17500
7790189042023;VINO DON DAVID RESERVA X 750 MALBEC;VINOS;10700
7790189001129;VINO DON DAVID X 750 MALBEC;VINOS;7900
7790189043686;VINO DON DAVID X750 PINOT;VINOS;7900
7790415000636;VINO DON ESCORIHUELA X750 MALBEC;VINOS;71300
7798117750286;VINO DON SILVESTRE X 750 CABERNET;VINOS;7600
7798117750385;VINO DON SILVESTRE X 750 CHARDONNAY;VINOS;7600
7798117750057;VINO DON SILVESTRE X 750 MALBEC;VINOS;7600
7798144670885;VINO DOS PUENTES BARREL SELECT X 750 CHARDONNAY;VINOS;12300
051497275105;VINO DOS PUENTES BARREL SELECT X 750 ROSÉ;VINOS;12300
051497073701;VINO DOS PUENTES BARREL SELECT X750 RED BLEND;VINOS;12300
7798144670632;VINO DOS PUENTES ESTATE X 750 MALBEC;VINOS;10200
7798144670649;VINO DOS PUENTES ESTATE X750 CABERNET SAUVIGNON;VINOS;10200
051497154295;VINO DOS PUENTES GRAN SUMMIT  X 750 MALBEC;VINOS;28000
051497154288;VINO DOS PUENTES GRAN SUMMIT X750 CAB FRANC;VINOS;28000
051497326944;VINO DOS PUENTES RESERVA X 750 MALBEC;VINOS;14700
051497326968;VINO DOS PUENTES RESERVA X750 CABERNET FRANC;VINOS;14700
11447;VINO DOS PUENTES RESERVA X750 CABERNET SAUVIGNON;VINOS;14700
7798152261280;VINO DURIGUTTI FAMILIA X 750 BLEND;VINOS;28700
7798152264496;VINO DURIGUTTI GRAN RVA X 750 CABERNET FRANC;VINOS;17900
7798152261303;VINO DURIGUTTI GRAN RVA X 750 MALBEC;VINOS;17900
7798152262362;VINO DURIGUTTI RESERVA X 750 BLEND;VINOS;15900
7798152260863;VINO DURIGUTTI RESERVA X 750 BONARDA;VINOS;15900
7798152260832;VINO DURIGUTTI RESERVA X 750 CAB SAUVIGNON;VINOS;15900
7798152260856;VINO DURIGUTTI RESERVA X 750 CABERNET FRANC;VINOS;15900
7798152260115;VINO DURIGUTTI RESERVA X 750 MALBEC;VINOS;15900
7798152261334;VINO DURIGUTTI RESERVA X 750 PETIT VERDOT;VINOS;15900
7798152264540;VINO DURIGUTTI X 750 BONARDA;VINOS;11000
7798152260948;VINO DURIGUTTI X 750 CABERNET FRANC;VINOS;11000
7798152260351;VINO DURIGUTTI X 750 CABERNET SAUVIGNON;VINOS;11000
7798152261082;VINO DURIGUTTI X 750 MALBEC;VINOS;11000
7798152261327;VINO DURIGUTTI X 750 PETIT VERDOT;VINOS;11000
7794450947741;VINO DV CATENA EXPLORADORE X 750 MALBEC LA RIOJA;VINOS;19600
7794450947246;VINO DV CATENA EXPLORADORE X 750 MALBEC SALTA;VINOS;19600
7794450004291;VINO DV CATENA PIRAMIDE X 750 CABERNET 2016;VINOS;25100
7794450000064;VINO DV CATENA X 750 ADRIANNA VINEYARD;VINOS;28200
7794450943682;VINO DV CATENA X 750 BLANCO HISTORICO;VINOS;20200
7794450090102;VINO DV CATENA X 750 CABERNET-CABERNET;VINOS;18100
7794450090492;VINO DV CATENA X 750 CABERNET-MALBEC;VINOS;13000
7794450090553;VINO DV CATENA X 750 CHARDONNAY;VINOS;15400
7794450945310;VINO DV CATENA X 750 GARNACHA;VINOS;20800
7794450090096;VINO DV CATENA X 750 MALBEC-MALBEC;VINOS;18200
7794450001696;VINO DV CATENA X 750 PINOT PINOT;VINOS;15200
7794450090515;VINO DV CATENA X 750 SYRAH SYRAH;VINOS;15200
7794450943668;VINO DV CATENA X 750 TINTO HISTORICO;VINOS;20500
7794450000071;VINO DV NICASIA X 750 MALBEC;VINOS;25100
221598;VINO EJES ASPIRANT/TEMPRANILLO;VINOS;10700
134664625;VINO EJES X 750 ASPIRANT-TEMPRANILLO;VINOS;10700
21574941;VINO EJES X 750 NARANJO;VINOS;10700
432857;VINO EJES X750 BLEND;VINOS;7700
31515143123;VINO EJES X750 MALBEC;VINOS;7700
7854111;VINO EJES X750 RESERVA TANNAT;VINOS;10700
78540;VINO EJES X750 ROSADO DULCE TANNAT;VINOS;10700
7791540049910;VINO EL BAUTISMO X 750 MALBEC;VINOS;5000
7790762754107;VINO EL CAZADOR X 750 MALBEC;VINOS;5200
7794450002822;VINO EL ENEMIGO X 750 BONARDA;VINOS;19600
7794450003645;VINO EL ENEMIGO X 750 CABERNET FRANC;VINOS;19600
1213214444;VINO EL ENEMIGO X 750 CHARDONNAY;VINOS;19600
7794450003096;VINO EL ENEMIGO X 750 CHARDONNAY;VINOS;19600
7794450000972;VINO EL ENEMIGO X 750 MALBEC;VINOS;19600
7798071031148;VINO EL ESPIA X 750 CAPITULO PRIMERO;VINOS;8500
7798071031131;VINO EL ESPIA X 750 GRAN FINAL;VINOS;10600
7790460415362;VINO EL ESPIA X 750 GRAN MALBEC;VINOS;12500
7790189043495;VINO EL ESTECO BLEND DE EXTREMOS X 750;VINOS;13800
7790189743784;VINO EL ESTECO BLEND DE EXTREMOS X 750 PINOT;VINOS;13600
7790189042726;VINO EL ESTECO OLD VINES X 750 MALBEC;VINOS;21600
7798136300158;VINO EL ESTECO X 750 MALBEC;VINOS;17100
8436557311108;VINO EL ZARZAL X 750 GODELLO;VINOS;68000
7790189021073;VINO ELEMENTOS X 750 CHARDONNAY;VINOS;5500
7790189021028;VINO ELEMENTOS X 750 MALBEC;VINOS;5500
7790189021042;VINO ELEMENTOS X 750 TANNAT;VINOS;5500
7790070760777;VINO EMILIA X 750 BLANCO DULCE;VINOS;8600
7790070760722;VINO EMILIA X 750 MALBEC;VINOS;8200
7790070760739;VINO EMILIA X 750 ROSADO DULCE;VINOS;8600
8436557310866;VINO EMILIO MORO X750 TEMPRANILLO;VINOS;95300
7790415004313;VINO ESCORIHUELA GRAN RESERVA X 750 ORGANICO;VINOS;16400
7790415004610;VINO ESCORIHUELA GRAN RESERVA X750 CABERNET SAUVIG;VINOS;15100
7790415004351;VINO ESCORIHUELA GRAN RESERVA X750 CHARDONNAY;VINOS;15100
7790415001916;VINO ESCORIHUELA GRAN RESERVA X750 MALBEC;VINOS;15100
7790415131743;VINO ESCORIHUELA GRAN RESERVA X750 ROSE;VINOS;15100
7790415005747;VINO ESCORIHUELA X750 CABERNET FRANC;VINOS;9400
7790415129085;VINO ESCORIHUELA X750 CABERNET SAUVIGNON;VINOS;9400
7790415132795;VINO ESCORIHUELA X750 CHARDONNAY;VINOS;9400
7790415129122;VINO ESCORIHUELA X750 MALBEC;VINOS;9400
7790415000445;VINO ESCORIHUELA X750 MALBEC CABERNET;VINOS;9400
7790415001480;VINO ESCORIHUELA X750 PINOT NOIR;VINOS;9400
7790415129795;VINO ESCORIHUELA X750 SANGIOVESE;VINOS;9400
7790415128705;VINO ESCORIHUELA X750 SAUVIGNON BLANC;VINOS;9400
7790415129108;VINO ESCORIHUELA X750 SYRAH;VINOS;9400
788070715733;VINO ESENCIAL X750 NARANJO PEDRO XIMENEZ;VINOS;14000
7798108834292;VINO ESPERADO X 750 CABERNET SAUVIGNON;VINOS;5000
7798108834315;VINO ESPERADO X 750 DULCE TARDIO;VINOS;5000
7798108834339;VINO ESPERADO X 750 MALBEC;VINOS;5000
7798074865894;VINO ESSENTIA X 750 ORGANICO;VINOS;8900
7790093992995;VINO ETCHART X 750 CABERNET FRANC;VINOS;18200
7790093993015;VINO ETCHART X 750 MALBEC;VINOS;18200
7790093993039;VINO ETCHART X750 PETIT VERDOT;VINOS;18200
0781159007583;VINO EXTRAVIADO RESERVA X750 MALBEC;VINOS;10900
7798000212396;VINO FABRE MONTMATOU GRAN RESERVA X 750 MALBEC;VINOS;18500
7798000212389;VINO FABRE MONTMAYOU GRAN RESRVA X 750 CABERNET;VINOS;18500
7798000211108;VINO FABRE MONTMAYOU GRAN VIN X 750 BLEND;VINOS;38500
12144747471;VINO FABRE MONTMAYOU RVA X 750;VINOS;12200
7798000213539;VINO FABRE MONTMAYOU RVA X 750 CABERNET FRANC;VINOS;12200
7798000213522;VINO FABRE MONTMAYOU RVA X 750 CABERNET SAUVI;VINOS;12200
7798000213553;VINO FABRE MONTMAYOU RVA X 750 CHARDONNAY 2022;VINOS;12200
7798000213515;VINO FABRE MONTMAYOU RVA X 750 MALBEC;VINOS;12200
7798000213546;VINO FABRE MONTMAYOU RVA X 750 MERLOT;VINOS;12200
7798000213737;VINO FABRE MONTMAYOU X750 MALBEC;VINOS;8100
7790703204852;VINO FAMIGLIA BIANCHI X750 CABERNET FRANC;VINOS;6700
7790703205491;VINO FAMIGLIA BIANCHI X750 CABERNET SAUVIGNON;VINOS;6700
7790703166556;VINO FAMIGLIA BIANCHI X750 CHARDONNAY;VINOS;6700
7790703204340;VINO FAMIGLIA BIANCHI X750 CRIOLLA;VINOS;6700
7790703205675;VINO FAMIGLIA BIANCHI X750 MALBEC;VINOS;6700
7790415128767;VINO FAMILIA GASCON ROBLE X750 CABERNET SAUVIGNON;VINOS;7400
7790415000995;VINO FAMILIA GASCON ROBLE X750 CHARDONNAY;VINOS;7400
7790415128729;VINO FAMILIA GASCON ROBLE X750 MALBEC;VINOS;7400
7790415130814;VINO FAMILIA GASCON ROBLE X750 RED BLEND;VINOS;7400
7790415000469;VINO FAMILIA GASCON X750 BLANCO DULCE;VINOS;6300
7790415127814;VINO FAMILIA GASCON X750 CABERNET SAUVIGNON;VINOS;6300
7790415128231;VINO FAMILIA GASCON X750 CHARDONNAY;VINOS;6300
7790415127777;VINO FAMILIA GASCON X750 MALBEC;VINOS;6300
7790415130791;VINO FAMILIA GASCON X750 RED BLEND;VINOS;6300
7790415128033;VINO FAMILIA GASCON X750 ROSE;VINOS;6300
7790415128217;VINO FAMILIA GASCON X750 SYRAH;VINOS;6300
7790415128606;VINO FAMILIA GASCON X750 TEMPRANILLO;VINOS;6300
7798116191561;VINO FAMILIA SCHROEDER X 750 BLEND;VINOS;32700
7798116191387;VINO FAMILIA SCHROEDER X 750 MALBEC;VINOS;32700
7798116190762;VINO FAMILIA SCHROEDER X 750 MERLOT;VINOS;32700
8019873024329;VINO FANTINI X 750 PINOT GRIGIO;VINOS;20700
8019873660329;VINO FANTINI X 750 SANGIOVESE;VINOS;18900
7791843019313;VINO FAUSTO X 750 MALBEC;VINOS;12500
7791843021071;VINO FAUSTO X 750 MALBEC CABERNET FRANC;VINOS;12500
7791843019337;VINO FERUS X 750 BLANC DE BLANCS;VINOS;10400
7791843019290;VINO FERUS X 750 MALBEC;VINOS;10400
7798104282899;VINO FESTIVO X750 MALBEC;VINOS;10800
7798104282264;VINO FESTIVO X750 ROSE;VINOS;10800
7798099590108;VINO FIN DEL MUNDO X 750 CABERNET SAUVIGNON;VINOS;8900
7798099590139;VINO FIN DEL MUNDO X 750 CHARDONNAY;VINOS;8900
7798099598296;VINO FIN DEL MUNDO X 750 GRAN RESERVA BLEND;VINOS;12500
7798099590085;VINO FIN DEL MUNDO X 750 MALBEC;VINOS;8900
7798099590092;VINO FIN DEL MUNDO X 750 MERLOT;VINOS;8900
7798099590115;VINO FIN DEL MUNDO X 750 PINOT;VINOS;8900
7798099594854;VINO FIN DEL MUNDO X750 ORGANIC MALBEC;VINOS;10700
7798099594885;VINO FIN DEL MUNDO X750 ORGANIC PINOT;VINOS;10700
7798125585214;VINO FINCA DECERO AMANO X 750;VINOS;97300
7798125580134;VINO FINCA DECERO MINI ED X 750 CAB FRANC;VINOS;43000
7798125585337;VINO FINCA DECERO MINI ED X 750 PETIT;VINOS;43000
7798125585764;VINO FINCA DECERO MINI ED X 750 ROSE;VINOS;43000
55994423;VINO FINCA EL PEHUEN GRAN RESERVA X 750 MALBEC;VINOS;15300
787844215;VINO FINCA EL PEHUEN LEGADO X 750 MALBEC;VINOS;16600
548142154;VINO FINCA EL PEHUEN RESERVA X 750 CAB FRANC;VINOS;15100
447448;VINO FINCA EL PEHUEN RESERVA X 750 CAB SAU;VINOS;15100
1821207;VINO FINCA EL PEHUEN RESERVA X 750 MALBEC;VINOS;15100
44546121288;VINO FINCA EL PEHUEN RESERVA X 750 MERLOT;VINOS;15100
7798146690171;VINO FINCA EL REPARO RESERVA  X 750  MALBEC;VINOS;7500
7798146691277;VINO FINCA EL REPARO RESERVA X 750 CABERNET FRANC;VINOS;7500
7798146690188;VINO FINCA EL REPARO RESERVA X 750 CABERNET SAUVI;VINOS;7500
7798146690164;VINO FINCA EL REPARO RESERVA X 750 SAUVIGNON BLAN;VINOS;7500
7790470086613;VINO FINCA FLICHMAN ALTAMIRA;VINOS;20000
7790470086606;VINO FINCA FLICHMAN CHACAYES;VINOS;20000
7790470086590;VINO FINCA FLICHMAN CORDON;VINOS;20000
7790470086620;VINO FINCA FLICHMAN GUALTALLARY;VINOS;20000
7790470085135;VINO FINCA FLICHMAN MICROTERROIR X 750 MALBEC;VINOS;63700
7798112630293;VINO FINCA GABRIEL X 750 DULCE BLANCO;VINOS;5200
7798112630026;VINO FINCA GABRIEL X 750 MALBEC;VINOS;5000
7798113557223;VINO FINCA LA ANITA X 750 MALBEC;VINOS;14000
8436557311153;VINO FINCA RESALSO X 750 TEMPRANILLO;VINOS;35400
7798103861118;VINO FINCA SOPHENIA SYNTHESIS X 750 CABERNET SAUVI;VINOS;28200
7798103868414;VINO FINCA SOPHENIA SYNTHESIS X 750 MALBEC;VINOS;28200
7798103861248;VINO FINCA SOPHENIA X 750 CABERNET SAUVIGNON;VINOS;11800
7798103861231;VINO FINCA SOPHENIA X 750 MALBEC;VINOS;11800
7798103860630;VINO FINCA SOPHENIA X500 TARDIO;VINOS;11800
7798136300622;VINO FINCAS NOTABLES X 750 MALBEC;VINOS;28400
7798422330296;VINO FINJAMOS DEMENCIA X750 BLEND;VINOS;4500
7798422330289;VINO FINJAMOS DEMENCIA X750 MALBEC;VINOS;4500
7798128520045;VINO FLECHAS X 750 GRAN CORTE;VINOS;75600
7798128521042;VINO FLECHAS X 750 GRAN FRANC;VINOS;30500
7798128520014;VINO FLECHAS X 750 GRAN MALBEC;VINOS;30500
7790240042481;VINO FOND DE CAVE GRAN RVA X 750 MALBEC;VINOS;20100
7790240041170;VINO FOND DE CAVE RESERVA X 750 CABERNET FRANC;VINOS;10300
7790240041446;VINO FOND DE CAVE RESERVA X 750 CABERNET SAUVIGNON;VINOS;10300
7790240094626;VINO FOND DE CAVE RESERVA X 750 CHARDONNAY;VINOS;10300
7790240128673;VINO FOND DE CAVE RESERVA X 750 MALBEC;VINOS;10300
7790240041187;VINO FOND DE CAVE RESERVA X 750 PETIT;VINOS;10300
7790240041408;VINO FOND DE CAVE RESERVA X 750 SAUV BLANC;VINOS;10300
7790240140538;VINO FOND DE CAVE X 500 TARDIVE CHARDO DULCE;VINOS;9300
7790240002010;VINO FOND DE CAVE X 750 CABERNET;VINOS;7700
7790240041460;VINO FOND DE CAVE X 750 MALBEC;VINOS;7700
7798110811595;VINO FORASTERO X750 COFERMENTADO;VINOS;17500
7798110811571;VINO FORASTERO X750 MALBEC;VINOS;17500
7798186890012;VINO FOW  X750 SAUVIGNON BLANC;VINOS;10000
7798186890210;VINO FOW X 750 ROSÉ BLEND;VINOS;10000
7798109156164;VINO FUEGO NEGRO X750 MALBEC;VINOS;5000
7798109156355;VINO FUEGO NEGRO X750 SAUVIGNON VIOGNIER;VINOS;5000
7798101654095;VINO GAIA X 750 CABERNET FRANC ORGANICO;VINOS;14000
7798101654033;VINO GAIA X 750 MALBEC ORGANICO;VINOS;14000
7792716931633;VINO GINARD BALLESTER X750 ROSE;VINOS;8400
7798353195803;VINO GRAN CORDERO X 750 MALBEC;VINOS;7300
7794450004208;VINO GRAN ENEMIGO X750 AGRELO;VINOS;42600
7798126082415;VINO GRAN ENEMIGO X750 BLEND 2022;VINOS;42600
78758451414;VINO GRAN ENEMIGO X750 CEPILLO;VINOS;42600
7794450005519;VINO GRAN ENEMIGO X750 CEPILLO;VINOS;42600
7794450005502;VINO GRAN ENEMIGO X750 CHACAYES;VINOS;42600
7794450004215;VINO GRAN ENEMIGO X750 GUALTALLARY;VINOS;44200
7790703204319;VINO GRAN FAMIGLIA BIANCHI X750 MALBEC;VINOS;12700
7790703204944;VINO GRAN FAMIGLIA X750 CORTE;VINOS;12700
7790762052494;VINO GRAN MASCOTA X 750 MALBEC;VINOS;19000
742832932509;VINO GRAN SOMBRERO X 750 CABERNET SAUVIGNON 2020;VINOS;13500
742832932516;VINO GRAN SOMBRERO X750 CABERNET FRANC;VINOS;13500
742832994637;VINO GRAN SOMBRERO X750 MALBEC;VINOS;13500
7791843021811;VINO HERMANDAD WM SERIES X 750 BONARDA;VINOS;31000
7791843021095;VINO HERMANDAD WM SERIES X 750 CABERNET FRANC;VINOS;31000
7791843019436;VINO HERMANDAD WM SERIES X 750 PETIT VERDOT;VINOS;31000
7791843019429;VINO HERMANDAD WM SERIES X 750 PINOT NOIR;VINOS;31000
7799197000155;VINO HERMANDAD WM SERIES X 750 SANGIOVESE;VINOS;31000
7791843018811;VINO HERMANDAD X 1.5 BLEND;VINOS;42500
7791843012642;VINO HERMANDAD X 750 BLEND;VINOS;19500
7791843014554;VINO HERMANDAD X 750 CHARDONNAY;VINOS;19500
7791843012635;VINO HERMANDAD X 750 MALBEC;VINOS;19500
7799197000018;VINO HERMANDAD X 750 MERLOT;VINOS;19500
7798117750613;VINO HINOJOSA GRAN RESERVA X750 MALBEC;VINOS;24200
7798117750668;VINO HINOJOSA RESERVA X 750 BLEND;VINOS;12400
7798117750255;VINO HINOJOSA RESERVA X 750 MALBEC;VINOS;12400
7798117750415;VINO HINOJOSA X 750 CABERNET;VINOS;9200
7798117750170;VINO HINOJOSA X 750 MALBEC;VINOS;9200
7798117750132;VINO HINOJOSA X 750 TEMPRANILLO;VINOS;9200
7798001610511;VINO HORMIGA NEGRA REINA X 750 BLEND;VINOS;3700
7798001610368;VINO HORMIGA NEGRA X750 MALBEC;VINOS;2900
7798001610764;VINO HORMIGA NEGRA X750 ROSE DULCE;VINOS;3400
7798001610429;VINO HORMIGA NEGRA X750 SWEET;VINOS;3400
7790805130219;VINO HUMBERTO CANALE ESTATE X 750 CAB SAU;VINOS;11100
7790805000376;VINO HUMBERTO CANALE ESTATE X 750 CABERNET FRANC;VINOS;11100
7790805120043;VINO HUMBERTO CANALE ESTATE X 750 MALBEC;VINOS;11100
7790805120067;VINO HUMBERTO CANALE ESTATE X 750 MERLOT;VINOS;11100
7790805120128;VINO HUMBERTO CANALE ESTATE X 750 PINOT;VINOS;14000
7790805120104;VINO HUMBERTO CANALE ESTATE X 750 SAU BLANC;VINOS;11100
7790805750240;VINO HUMBERTO CANALE OLD X 750 BLEND;VINOS;20800
7790805150514;VINO HUMBERTO CANALE OLD X 750 MALBEC;VINOS;20800
7790805150507;VINO HUMBERTO CANALE OLD X 750 PINOT;VINOS;23700
7790805146005;VINO HUMBERTO CANALE X 750 GRAN FRANC;VINOS;29400
7790805142007;VINO HUMBERTO CANALE X 750 GRAN MALBEC;VINOS;29400
7790805141000;VINO HUMBERTO CANALE X 750 GRAN MERLOT;VINOS;29400
7790805143004;VINO HUMBERTO CANALE X 750 GRAN PINOT;VINOS;32200
7790805750387;VINO HUMBERTO CANALE X 750 RIESLING;VINOS;20800
7790805750363;VINO HUMBERTO CANALE X 750 ROSE BLUSH;VINOS;6900
7790805750110;VINO HUMBERTO CANALE X 750 ROSE NOIR;VINOS;14700
2144;VINO IMPERIAL STAG X 750 CABERNET FRANC;VINOS;49100
78441;VINO IMPERIAL STAG X 750 ICONIC RED;VINOS;34000
465000;VINO IMPERIAL STAG X 750 MALBEC;VINOS;38100
7441;VINO IMPERIAL STAG X 750 ROSE;VINOS;18800
212121111144;VINO IMPERIAL STAG X 750 SEMILLON;VINOS;37200
7790945008430;VINO INFAME X750 MALBEC;VINOS;3300
7790805131216;VINO INTIMO X 750 MALBEC;VINOS;8400
7790240023596;VINO ISCAY X 750 BLEND;VINOS;69300
7798093272147;VINO JUAN BENEGAS X 750 MALBEC;VINOS;8200
7804303555006;VINO KAIKEN ESTATE X750 CABERNET SAUVIGNON;VINOS;9400
7804303555013;VINO KAIKEN ESTATE X750 MALBEC;VINOS;9400
7651523515232;VINO KAIKEN FRANKLY X 750 CABERNET FRANC;VINOS;48600
7716236126122;VINO KAIKEN LUXURY X 750 BLEND;VINOS;67800
7804303000292;VINO KAIKEN MAI X 750 MALBEC;VINOS;88900
7804303002975;VINO KAIKEN NUDE X 750 ROSE;VINOS;21800
7804303555037;VINO KAIKEN ULTRA  X750 MALBEC;VINOS;17300
7804303003026;VINO KAIKEN ULTRA X750 CABERNET FRANC;VINOS;17300
7804303555020;VINO KAIKEN ULTRA X750 CABERNET SUAV;VINOS;17300
7804303002203;VINO KAIKEN ULTRA X750 PINOT;VINOS;17300
7798074862718;VINO KILLKA X 375 MALBEC;VINOS;4600
7798074865139;VINO KILLKA X 750 CABERNET SAUVIGNON;VINOS;7100
7798074865153;VINO KILLKA X 750 CORTE DE TINTAS;VINOS;7100
7798074865191;VINO KILLKA X 750 MALBEC;VINOS;7100
7798074865177;VINO KILLKA X 750 MALBEC BLANCO;VINOS;7100
7798074865214;VINO KILLKA X 750 SAUVIGNON BLANC;VINOS;7100
7798074865818;VINO KILLKA X750 CABERNET FRANC;VINOS;7100
7798074865115;VINO KILLKA X750 CHARDONNAY;VINOS;7100
7798108253529;VINO LA FLOR X 750 CABERNET SAUVIGNON;VINOS;8700
7798108253512;VINO LA FLOR X 750 MALBEC;VINOS;8700
7798165080847;VINO LA IRIDE DORADO X 750 CABERNET FRANC;VINOS;7100
7798165080113;VINO LA IRIDE DORADO X 750 MALBEC;VINOS;7100
7798165080519;VINO LA IRIDE DORADO X750 CABERNET SAUVIGNON;VINOS;7100
7798165080854;VINO LA IRIDE DORADO X750 PINOT NOIR;VINOS;7100
7798165080335;VINO LA IRIDE PLATA X 750 MALBEC;VINOS;4900
7798165080236;VINO LA IRIDE X 5LTS BIB;VINOS;19900
7791203003402;VINO LA LINDA X 750  ORGANICO;VINOS;13400
7791203003358;VINO LA LINDA X 750  RED BLEND;VINOS;9500
7791203003327;VINO LA LINDA X 750 CABERNET SAUVIGNON;VINOS;9500
7791203003365;VINO LA LINDA X 750 CHARDONNAY;VINOS;9500
7791203003341;VINO LA LINDA X 750 MALBEC;VINOS;9500
7791203003389;VINO LA LINDA X 750 ROSE MALBEC;VINOS;9500
7791203003396;VINO LA LINDA X 750 SWEET;VINOS;9500
7791203003372;VINO LA LINDA X 750 TORRONTES;VINOS;9500
7798326077952;VINO LA LINTERNA X 750 CABERNET CAFAYATE;VINOS;76200
7798326077891;VINO LA LINTERNA X 750 CHARDONNAY GUALTALLARY;VINOS;76200
7798326077990;VINO LA LINTERNA X 750 MALBEC GUALTALLARY;VINOS;76200
7798326077907;VINO LA LINTERNA X 750 MALBEC PEDERNAL;VINOS;76200
7790762050124;VINO LA MASCOTA X 750 MALBEC;VINOS;12600
7790762053668;VINO LA MASCOTA X 750 ROSE;VINOS;12800
7798099592546;VINO LA PODEROSA X750 CAB FRANC MERLOT;VINOS;5500
7798099593734;VINO LA PODEROSA X750 MALBEC;VINOS;5500
7798099593796;VINO LA PODEROSA X750 PINOT;VINOS;5500
7798126082644;VINO LA POSTA X 750 FAZZIO MALBEC;VINOS;14900
7798126082248;VINO LA POSTA X 750 GLORIETA PINOT;VINOS;14900
7794450093509;VINO LA POSTA X 750 PAULUCCI MALBEC;VINOS;14900
7794450093530;VINO LA POSTA X 750 RED BLEND;VINOS;12600
7794450943576;VINO LA POSTA X 750 ROSE MALBEC;VINOS;14900
7794450093523;VINO LA POSTA X750 ARMANDO BONARDA;VINOS;14900
7794450093516;VINO LA POSTA X750 PIZZELLA MALBEC;VINOS;14900
7798116201154;VINO LAS NOTAS DE JEAN CLAUDE X 750;VINOS;80900
7798123970616;VINO LAS PERDICES BIB X3LTS MALBEC;VINOS;25800
7798123970265;VINO LAS PERDICES RESERVA X 750 BONARDA;VINOS;12500
7798123970685;VINO LAS PERDICES RESERVA X 750 CHARDONNAY;VINOS;12500
7798123970296;VINO LAS PERDICES RESERVA X 750 MALBEC;VINOS;12500
7798123970432;VINO LAS PERDICES RESERVA X 750 PINOT NOIR;VINOS;12500
7798123970425;VINO LAS PERDICES RESERVA X 750 SAUVIGNON BLANC;VINOS;12500
7798123970388;VINO LAS PERDICES RESERVA X750 CAB SAUV;VINOS;12500
7798123971170;VINO LAS PERDICES X 750 BLEND;VINOS;8300
7798123970111;VINO LAS PERDICES X 750 CABERNET;VINOS;8300
7798123970098;VINO LAS PERDICES X 750 MALBEC;VINOS;8300
7798123970180;VINO LAS PERDICES X 750 PINOT GRIGIO;VINOS;8300
7798123970166;VINO LAS PERDICES X 750 SAUVIGNON BLANC;VINOS;8300
7798123970289;VINO LAS PERDICES X 750 TORRONTES;VINOS;8300
7798123970630;VINO LAS PERDICES X 750 TORRONTES DULCE;VINOS;8300
7798123970197;VINO LAS PERDICES X 750 VIOGNIER;VINOS;8300
7798104282837;VINO LINDAFLOR X 750 BLEND;VINOS;80300
7798104282776;VINO LINDAFLOR X 750 CHARDONNAY;VINOS;36800
7798104282530;VINO LINDAFLOR X 750 MALBEC;VINOS;80300
7790336030583;VINO LOPEZ X 750 CABERNET SAUVIGNON;VINOS;4700
7790336030507;VINO LOPEZ X 750 MALBEC;VINOS;4700
7790336030231;VINO LOPEZ X 750 SAUVIGNON BLANC;VINOS;4700
7790336030514;VINO LOPEZ X 750 SEMILLON;VINOS;4700
7792716006034;VINO LOS ABROJOS X750 MALBEC;VINOS;7000
7791250000935;VINO LOS ARBOLES X  750 MALBEC;VINOS;4900
7791843008447;VINO LOS HAROLDOS ESTATE X750 BONARDA;VINOS;5500
7791843009154;VINO LOS HAROLDOS ESTATE X750 CABERNET SAUVIGNON;VINOS;5500
7791843009130;VINO LOS HAROLDOS ESTATE X750 MALBEC;VINOS;5500
7791843009192;VINO LOS HAROLDOS ESTATE X750 SAUVIGNON BLANC;VINOS;5500
7791843024324;VINO LOS HAROLDOS PREMIUM X 750 GRAN BLANCO;VINOS;18400
7791843014813;VINO LOS HAROLDOS PREMIUM X 750 GRAN CORTE;VINOS;18400
7791843026915;VINO LOS HAROLDOS PREMIUM X 750 GRAN FRANC;VINOS;18400
7791843025253;VINO LOS HAROLDOS PREMIUM X 750 GRAN MALBEC;VINOS;18400
7791843019863;VINO LOS HAROLDOS RESERVA X 750 CABERNET FRANC;VINOS;9100
7791843004982;VINO LOS HAROLDOS RESERVA X 750 CABERNET SAUVIGNON;VINOS;7800
7791843005002;VINO LOS HAROLDOS RESERVA X 750 MALBEC;VINOS;7800
7791843005026;VINO LOS HAROLDOS RESERVA X750 CHARDONNAY;VINOS;7800
7791540999789;VINO LOS INTOCABLES DOBLE BARRICA X 750 MALBEC;VINOS;9300
7791540049354;VINO LOS INTOCABLES X 750 CABERNET SAUVIGNON;VINOS;9300
7791540049347;VINO LOS INTOCABLES X 750 MALBEC;VINOS;9300
7794450092090;VINO LUCA BESO DE DANTE X 750 BLEND;VINOS;47400
7798126080251;VINO LUCA X 750 CHARDONNAY;VINOS;28100
7798126080237;VINO LUCA X 750 MALBEC;VINOS;33100
7798126082279;VINO LUCA X 750 PINOT;VINOS;28100
7798126080213;VINO LUCA X 750 SYRAH;VINOS;28100
7791203000142;VINO LUIGI BOSCA DE SANGRE DOC X 750 MALBEC;VINOS;25700
7791203002436;VINO LUIGI BOSCA DE SANGRE X 750;VINOS;19500
7791203002443;VINO LUIGI BOSCA DE SANGRE X 750 WHITE BLEND;VINOS;19500
7791203000104;VINO LUIGI BOSCA DE SANGRE X750 CORTE;VINOS;19500
7791203001248;VINO LUIGI BOSCA X 750 CABERNET;VINOS;15600
7791203003037;VINO LUIGI BOSCA X 750 CHARDONNAY;VINOS;15600
7791203000029;VINO LUIGI BOSCA X 750 CHARDONNAY;VINOS;15600
7791203001231;VINO LUIGI BOSCA X 750 MALBEC;VINOS;15600
7791203000036;VINO LUIGI BOSCA X 750 PINOT;VINOS;18900
7791203889471;VINO LUIGI BOSCA X 750 ROSADO;VINOS;24700
778555;VINO MAAL X 750 AMBIGUO LA JOVEN;VINOS;13000
77788;VINO MAAL X 750 BIUTIFUL;VINOS;17500
7777;VINO MAAL X 750 MEZCLA;VINOS;27300
7888;VINO MAAL X 750 REBELION;VINOS;13000
7999;VINO MAAL X 750 VECINAL;VINOS;14000
4411;VINO MAAL X750 BESTIAL;VINOS;49000
14770;VINO MAAL X750 BESTIAL ETIQUETA AZUL;VINOS;63400
777822;VINO MAAL X750 BIOLENTO;VINOS;20300
1400;VINO MAAL X750 IMPOSIBLE;VINOS;24500
MAALABARISTA;VINO MAALABARISTA X 750 MALBEC;VINOS;33600
7798110811694;VINO MALABARISTA RESERVA X750 COFERMENTADO;VINOS;17500
7798110811564;VINO MALABARISTA RESERVA X750 COFERMENTADO;VINOS;17500
7791728002478;VINO MALAMADO X 750;VINOS;20900
212121212111;VINO MALDITA SANTA X 750 CABERNET SAUVIGNON;VINOS;9200
12121221111;VINO MALDITA SANTA X 750 MALBEC;VINOS;8600
714604177753;VINO MALDITA SANTA X 750 SANGIOVESE;VINOS;9300
714604177807;VINO MALDITA SANTA X 750 TORRONTES DULCE;VINOS;8700
7798126084181;VINO MARA X750 BONARDA;VINOS;16400
7791540999215;VINO MARANTIQUA X 750 MALBEC;VINOS;17100
5600314040102;VINO MARIANA PORTUGAL X 750 BLEND;VINOS;20300
7888177281212;VINO MARIFLOR X 750 ARTHUR Y THEO;VINOS;176800
731283828281;VINO MARIFLOR X 750 CAMILLE MALBEC;VINOS;176800
762662551621;VINO MARIFLOR X 750 GIULIA;VINOS;176800
7798104390686;VINO MARIFLOR X 750 MALBEC;VINOS;21400
7862661667782;VINO MARIFLOR X 750 RAPHAEL;VINOS;176800
8422938000051;VINO MARQUES DE TOMARES X 750 CRIANZA;VINOS;46900
8422938002444;VINO MARQUES DE TOMARES X 750 ESPAñOL;VINOS;28700
7790415129832;VINO MEG X750 MALBEC-CABERNET;VINOS;45300
7798125630273;VINO MENDEL X 750 ROSADIA;VINOS;28400
7798127631957;VINO MIL DEMONIOS X 750 MALBEC;VINOS;17100
7798127632114;VINO MIL DEMONIOS X 750 PIRATA CABERNET;VINOS;25400
7798127632121;VINO MIL DEMONIOS X 750 SAMURAI;VINOS;29600
7798127632107;VINO MIL DEMONIOS X 750 VIKINGO;VINOS;29600
7790336034505;VINO MONTCHENOT 10 AñOS X 750;VINOS;28500
7790336034192;VINO MONTCHENOT 5 AñOS X750 CABERNET_MERLOT_MALBEC;VINOS;18200
7790336034147;VINO MONTCHENOT PETIT X750 MALBEC CABERNET;VINOS;21900
7790336034512;VINO MONTCHENOT X750 CHENIN BLANC;VINOS;12100
7798116930092;VINO MONTEAGRELLO X 750 CABERNET FRANC;VINOS;19700
7798116930122;VINO MONTEAGRELLO X 750 MALBEC;VINOS;19700
7798116930306;VINO MONTEAGRELLO X 750 SYRAH;VINOS;19700
7798116930030;VINO MONTEAGRELO X 750 CABERNET SAUVIGNON;VINOS;19700
2154112111;VINO MONTES X 750 GRAN RESERVA MALBEC;VINOS;22400
5471521515;VINO MONTES X 750 RESERVA MALBEC;VINOS;11800
4571215;VINO MONTES X 750 ROBLE MALBEC;VINOS;9000
7798353193113;VINO MOSQUITA MUERTA X 750 BLACK;VINOS;40600
7798353194769;VINO MOSQUITA MUERTA X 750 BLEND DE TINTAS;VINOS;16100
3262152098374;VINO MOUTON CADET X 375 SAUTERNES;VINOS;35500
3262151001757;VINO MOUTON CADET X750 BORDEAUX;VINOS;32000
7791843008911;VINO NAMPE X 750 MALBEC;VINOS;3500
7791843008973;VINO NAMPE X 750 SAUVIGNON BLANC;VINOS;3500
7790649000112;VINO NAVARRO CORREAS RESERVA X 750 MALBEC;VINOS;9700
7794450948694;VINO NICASIA GRAN BLEND X750 CAB MAL;VINOS;11400
7794450000156;VINO NICASIA X 750 BLEND CABERNET FRANC;VINOS;7700
7794450000149;VINO NICASIA X 750 BLEND MALBEC;VINOS;7700
7794450000163;VINO NICASIA X 750 VIOGNIER BLANCO;VINOS;7700
7794450092083;VINO NICO BY LUCA X 750 MALBEC;VINOS;93200
7794450005489;VINO NICOLA CATENA X 750 BONARDA;VINOS;51500
7790945008096;VINO NINA 11 X750 CABERNET SAUVIGNON;VINOS;30100
7790945008089;VINO NINA 11 X750 MERLOT;VINOS;30100
7790945007044;VINO NINA GOLD X750 CABERNET SAUVIGNON;VINOS;7000
7790945006252;VINO NINA GOLD X750 CHARDONNAY;VINOS;7000
7790945007051;VINO NINA GOLD X750 MALBEC;VINOS;7000
7790945008003;VINO NINA GRAN RESERVA X750 MALBEC;VINOS;17300
7790945006726;VINO NINA X750 DULCE NATURAL MOSCATO GIALLO;VINOS;7700
7790945005279;VINO NINA X750 GRAN CABERNET FRANC;VINOS;15000
7790945007228;VINO NINA X750 GRAN MALBEC;VINOS;15000
7790945007235;VINO NINA X750 GRAN MERLOT;VINOS;15000
7790945007259;VINO NINA X750 GRAN SYRAH;VINOS;15000
7790945006719;VINO NINA X750 ROSADO DULCE NATURAL MALBEC;VINOS;7700
7798359120205;VINO OJO DE BUEN CUBERO X 750 MALBEC;VINOS;11200
7798375150064;VINO OPORTUNISTA RESERVA X750 CABERNET SAUVIGNON;VINOS;9100
7798375150057;VINO OPORTUNISTA RESERVA X750 MALBEC;VINOS;9100
7798375150071;VINO OPORTUNISTA RESERVA X750 MARSELAN;VINOS;9100
7798375150040;VINO OPORTUNISTA X 750 BONARDA;VINOS;7800
7798375150026;VINO OPORTUNISTA X 750 CABERNET SAUV;VINOS;7800
7798375150033;VINO OPORTUNISTA X750 SAUVIGNON BLANC;VINOS;7800
7790240098969;VINO ORIGEN X 750 MALBEC;VINOS;6500
7795232000524;VINO OTRO LOCO MAS X 750;VINOS;4200
715126900331;VINO OUTER LIMITS X 750 PINOT NOIR;VINOS;61600
7804303000278;VINO OUTER LIMITS X 750 SAUVIGNON BLANC;VINOS;56000
715126000826;VINO OUTER LIMITS X750 SYRAH;VINOS;61600
781159007361;VINO PALA CORAZON X750 BLEND DE TINTAS;VINOS;9300
781159007392;VINO PALA CORAZON X750 BONARDA;VINOS;9300
781159007408;VINO PALA CORAZON X750 CABERNET FRANC;VINOS;9300
781159007378;VINO PALA CORAZON X750 MALBEC;VINOS;9300
781159007774;VINO PALA CORAZON X750 PINOT NOIR;VINOS;9300
781159007439;VINO PALA CORAZON X750 SAUVIGNON BLANC;VINOS;9300
7798108254496;VINO PALMA CAROLA X 750 BLEND;VINOS;132300
7794450005458;VINO PASARISA X750 CABERNET SAUVIGNON SALTA;VINOS;11300
7794450005472;VINO PASARISA X750 MERLOT PATAGONIA;VINOS;11300
7794450005496;VINO PASARISA X750 PINOT PATAGONIA;VINOS;11300
7794450005465;VINO PASARISA X750 SYRAH LA RIOJA;VINOS;11300
7794450005441;VINO PASARISA X750 TORRONTES SALTA;VINOS;11300
7790415130883;VINO PEQUEÑAS PRODUCCIONES X 750 PINOT;VINOS;29400
7790415002302;VINO PEQUEñAS PRODUCCIONES X 750 CABERNET FRANC;VINOS;29400
7790415129955;VINO PEQUEñAS PRODUCCIONES X 750 CABERNET SAUVIGNO;VINOS;29400
7790415001053;VINO PEQUEñAS PRODUCCIONES X 750 CHARDONNAY;VINOS;29400
456789678;VINO PEQUEñAS PRODUCCIONES X 750 HARV;VINOS;29400
7790415130869;VINO PEQUEñAS PRODUCCIONES X 750 SAUV BLANC;VINOS;29400
7790415129870;VINO PEQUEñAS PRODUCCIONES X750 MALBEC;VINOS;29400
7790415129917;VINO PEQUEñAS PRODUCCIONES X750 SYRAH;VINOS;29400
798190259062;VINO PEQUEñOS ENGAñOS X750 CABERNET FRANC;VINOS;18900
798190259048;VINO PEQUEñOS ENGAñOS X750 CLARETE;VINOS;18900
7798353194721;VINO PERRO CALLEJERO X 750 BLEND;VINOS;7000
7798353194745;VINO PERRO CALLEJERO X 750 PINOT;VINOS;7000
7798121461765;VINO PETIT CARO X 5 LTS;VINOS;538300
7798121461185;VINO PETIT CARO X750 MAL-CAB;VINOS;37700
7798104282400;VINO PETITE FLEUR X 750 MALBEC;VINOS;16500
7798104283261;VINO PETITE FLEUR X750 CABERNET FRANC;VINOS;16500
7798353194752;VINO PISPI X 750 BLEND DE TINTOS;VINOS;11000
7798080490585;VINO PLAN B ROSADO;VINOS;5200
7798080490622;VINO PLAN B X750 DULCE NATURAL TORRONTES;VINOS;5200
7798074864712;VINO PORTILLO X 1500 MALBEC SERIGRAFIA;VINOS;10500
7798074864699;VINO PORTILLO X 375 MALBEC;VINOS;3500
7798074864798;VINO PORTILLO X 750 CABERNET SAUVIGNON;VINOS;5400
7798074864750;VINO PORTILLO X 750 CHARDONNAY;VINOS;5400
7798074864873;VINO PORTILLO X 750 DULCE NATURAL;VINOS;5400
7798074864675;VINO PORTILLO X 750 MALBEC;VINOS;5400
7798074864835;VINO PORTILLO X 750 MERLOT;VINOS;5400
7798074865917;VINO PORTILLO X 750 NARANJO DULCE;VINOS;5400
7798074864811;VINO PORTILLO X 750 ROSE MALBEC;VINOS;5400
7798074864774;VINO PORTILLO X 750 SAUVIGNON BLANC;VINOS;5400
7798074864897;VINO PORTILLO X 750 SYRAH;VINOS;5400
7798074864859;VINO PORTILLO X 750 TEMPRANILLO;VINOS;5400
7798099590078;VINO POSTALES FIN DEL MUNDO X750 CAB MALBEC;VINOS;4300
7798099590467;VINO POSTALES FIN DEL MUNDO X750 MALBEC;VINOS;4300
7798099593956;VINO POSTALES ROBLE X750 CABERNET MALBEC;VINOS;4800
7798099599200;VINO POSTALES ROBLE X750 CABERNET SAUV;VINOS;4800
7798099599187;VINO POSTALES ROBLE X750 MALBEC;VINOS;4800
7790843001366;VINO PRISIONERO X750 MALBEC;VINOS;3000
7798112630255;VINO PRIVADO RESERVA X 750 CABERNET;VINOS;9400
7798112630262;VINO PRIVADO RESERVA X 750 MALBEC;VINOS;9400
7798112630767;VINO PRIVADO RESERVA X 750 PINOT;VINOS;10100
0118456789010;VINO PROYECTO X X750;VINOS;23900
7798108254663;VINO PULENTA ESTATE X 750 CABERNET FRANC;VINOS;25200
7798108253741;VINO PULENTA ESTATE X 750 CABERNET SAUVIGNON;VINOS;25200
7798108254335;VINO PULENTA ESTATE X 750 ROSE;VINOS;14500
7798108253246;VINO PULENTA ESTATE X750 MALBEC;VINOS;25200
7798108254717;VINO PULENTA ESTATE X750 ORGANIC MALBEC;VINOS;14500
7798108253314;VINO PULENTA GRAN X 750 CABERNET FRANC;VINOS;71800
7798108252515;VINO PULENTA GRAN X 750 GRAN CORTE;VINOS;86100
7798108253413;VINO PULENTA GRAN X 750 MALBEC;VINOS;71800
7798287070054;VINO PURAMUN X 750 CABERNET FRANC;VINOS;12300
7798287070078;VINO PURAMUN X 750 CABERNET SAUVIGNON;VINOS;12300
7798287070047;VINO PURAMUN X 750 CHARDONNAY;VINOS;12300
7798287070030;VINO PURAMUN X 750 COFERMENTADO;VINOS;15600
7798287070016;VINO PURAMUN X 750 MALBEC;VINOS;12300
7798287070061;VINO PURAMUN X 750 PINOT NOIR;VINOS;12300
7798108834650;VINO PYROS BLOCK N2 X750 CAB FRANC;VINOS;19700
7798108833196;VINO PYROS BLOCK N4 ESTUCHE DE MADERA NEGRO 1,5L;VINOS;57700
7798108832748;VINO PYROS BLOCK N4 X 750 MALBEC;VINOS;19700
7798108833233;VINO PYROS LIMESTONE HILL MALBEC;VINOS;89000
7798108834513;VINO PYROS X 750 BLEND;VINOS;9700
7798108833356;VINO PYROS X 750 CHARDONNAY;VINOS;9700
7798108833066;VINO PYROS X 750 MALBEC;VINOS;9700
7798108834636;VINO PYROS X 750 SAUVIGNON BLANC;VINOS;9700
7798108832687;VINO PYROS X 750 SPECIAL BLEND 2019;VINOS;27000
7798108833080;VINO PYROS X 750 SYRAH;VINOS;9500
7798091112414;VINO QUIMERA X750 BLEND;VINOS;46700
7798370260928;VINO RAICES ARGENTINAS  X750  MALBEC;VINOS;11200
8410013025327;VINO RAIMAT S/ALCOHOL X 750 TINTO;VINOS;18500
7804374000108;VINO RAVANAL X 700 CHARDONNAY;VINOS;7000
7804374000085;VINO RAVANAL X 750 GRAN RESERVA CARMENERE 2022;VINOS;12000
7804374000092;VINO RAVANAL X 750 GRAN RESERVA CARMENERE 2022;VINOS;12000
31012026;VINO RAVANAL X750 BLEND;VINOS;9800
7798359120427;VINO RIBERA DEL CUARZO X 750 MALBEC;VINOS;40500
7798359120526;VINO RIBERA DEL CUARZO X 750 MERLOT;VINOS;40500
7798359120403;VINO RIBERA DEL CUARZO X 750 PARCELA UNICA;VINOS;161700
7798359120502;VINO RIBERA DEL CUARZO X 750 PATINAS BLANCAS;VINOS;40500
7798066550081;VINO RICARDO SANTOS EL GRAN MALBEC X750;VINOS;39900
7225982498062;VINO RICARDO SANTOS X750 BLANCO;VINOS;12500
7790336038190;VINO RIVAS X750 MALBEC;VINOS;10400
781159007293;VINO ROMPE CORAZONES X750 CABERNET FRAC SAUVIGNON;VINOS;13800
781159007316;VINO ROMPE CORAZONES X750 MALBEC GRAN RESERVA;VINOS;27800
7790415133471;VINO ROSAURA  X 750 MALBEC;VINOS;22800
7790577006125;VINO RUTINI ENCUENTRO X 750 CABERNET SAUV;VINOS;13600
7790577006101;VINO RUTINI ENCUENTRO X 750 MALBEC;VINOS;13600
7790577001663;VINO RUTINI X 750 CABERNET MALBEC;VINOS;16200
7790577001151;VINO RUTINI X 750 MALBEC;VINOS;30300
7790577003117;VINO RUTINI X 750 PINOT NOIR;VINOS;47300
7790577046442;VINO RUTINI X 750 RIESLING;VINOS;47300
7790577043076;VINO RUTINI X 750 ROSE;VINOS;47300
7790577000826;VINO RUTINI X 750 TRAMINER;VINOS;47300
NOE;VINO SAINT FELICIEN NOE GARNACHA MALBEC;VINOS;28000
7794450940384;VINO SAINT FELICIEN X 750 BONARDA;VINOS;18400
7794450002679;VINO SAINT FELICIEN X 750 CABERNET FRANC;VINOS;9700
7794450024015;VINO SAINT FELICIEN X 750 CABERNET SAUVIGNON;VINOS;9700
7794450024046;VINO SAINT FELICIEN X 750 CABERNET-MERLOT;VINOS;9700
7794450002549;VINO SAINT FELICIEN X 750 CHARDONNAY;VINOS;9700
7794450088581;VINO SAINT FELICIEN X 750 MALBEC;VINOS;9700
7794450943170;VINO SAINT FELICIEN X 750 PINOT;VINOS;9700
7798074865931;VINO SALENTEIN BARREL SEL X 750 FRANC MALBEC;VINOS;7800
7798074865702;VINO SALENTEIN BARREL SEL X 750 MALBEC CABERNET;VINOS;7800
7798074865726;VINO SALENTEIN BARREL SEL X 750 PETIT MALBEC;VINOS;7800
2006;VINO SALENTEIN BARREL SELECT 2006 X 750 MALBEC;VINOS;61800
332222233;VINO SALENTEIN BLEND 2006 X750;VINOS;61800
1111;VINO SALENTEIN GRAN VU BLEND (2018) X 750;VINOS;115500
7798074862282;VINO SALENTEIN GRAN VU BLEND (2019) X 750;VINOS;110300
8995;VINO SALENTEIN GRAN VU X750 2020;VINOS;107400
7798074863487;VINO SALENTEIN NUMINA X 1500 GRAN CORTE;VINOS;39300
7798074869304;VINO SALENTEIN NUMINA X 750 CABERNET FRANC;VINOS;17100
7798074865641;VINO SALENTEIN NUMINA X 750 CABERNET SAUVIGNON;VINOS;14900
7798074863449;VINO SALENTEIN NUMINA X 750 CHARDONNAY;VINOS;14900
7798074869656;VINO SALENTEIN NUMINA X 750 GRAN CORTE;VINOS;19900
7798074869311;VINO SALENTEIN NUMINA X 750 MALBEC;VINOS;14900
7798074863937;VINO SALENTEIN NUMINA X 750 PETIT VERDOT;VINOS;14900
7798074864392;VINO SALENTEIN NUMINA X 750 PINOT NOIR;VINOS;17100
7798074869298;VINO SALENTEIN NUMINA X 750 SYRAH;VINOS;14900
7798074862947;VINO SALENTEIN PR1MUS X750 CABERNET SAUVIGNON;VINOS;54800
7798074860127;VINO SALENTEIN PR1MUS X750 CHARDONNAY;VINOS;36800
7798074860141;VINO SALENTEIN PR1MUS X750 MALBEC;VINOS;53500
7798074860134;VINO SALENTEIN PR1MUS X750 MERLOT 2006;VINOS;61800
7798074860110;VINO SALENTEIN PR1MUS X750 PINOT NOIR;VINOS;53500
7798074861841;VINO SALENTEIN RESERVA X 1.5L MALBEC;VINOS;22700
7798074861865;VINO SALENTEIN RESERVA X 3L MALBEC;VINOS;54400
7798074865238;VINO SALENTEIN RESERVA X 750 CABERNET FRANC;VINOS;11300
7798074865276;VINO SALENTEIN RESERVA X 750 CABERNET SAUVIGNON;VINOS;10800
7798074865252;VINO SALENTEIN RESERVA X 750 CHARDONNAY;VINOS;10800
7798074864170;VINO SALENTEIN RESERVA X 750 CORTE DE BLANCAS;VINOS;11700
7798074865290;VINO SALENTEIN RESERVA X 750 CORTE DE TINTAS;VINOS;11700
7798074865313;VINO SALENTEIN RESERVA X 750 MALBEC;VINOS;10800
7798074865368;VINO SALENTEIN RESERVA X 750 MERLOT;VINOS;10800
7798074865399;VINO SALENTEIN RESERVA X 750 PINOT NOIR;VINOS;11300
7798074865436;VINO SALENTEIN RESERVA X 750 ROSE;VINOS;10800
7798074865450;VINO SALENTEIN RESERVA X 750 SAUVIGNON BLANC;VINOS;10800
7798074863661;VINO SALENTEIN SINGLE VINEYARD X 750 EL TOMILLO;VINOS;40800
7798074863883;VINO SALENTEIN SINGLE VINEYARD X 750 LAS TUNAS;VINOS;36600
7798074862336;VINO SALENTEIN SINGLE VINEYARD X 750 LOS JABALIES;VINOS;39700
7367247237;VINO SALENTEIN SINGLE VINEYARD X750 LAS TUNAS;VINOS;35400
3737437473;VINO SALENTEIN SINGLE VNEYARD X750 LOS JABALIES;VINOS;38400
7796138000014;VINO SAN PEDRO YACOCHUYA X 750 TINTO BLEND;VINOS;23400
7796138000021;VINO SAN PEDRO YACOCHUYA X 750 TORRONTES;VINOS;12000
7796138000595;VINO SAN PEDRO YACOCHUYA X750 TANNAT;VINOS;42400
7791728247787;VINO SANTA JULIA X 750 CABERNET FRANC;VINOS;6300
7791728247732;VINO SANTA JULIA X 750 CABERNET SAUVIGNON;VINOS;6300
7791728244038;VINO SANTA JULIA X 750 CHARDONNAY;VINOS;6300
7791728247091;VINO SANTA JULIA X 750 CHENIN DULCE;VINOS;9500
7791728248265;VINO SANTA JULIA X 750 TINTO DULCE;VINOS;7700
7798159944339;VINO SAPO DE OTRO POZO X 750 BLEND DE TINTAS;VINOS;12700
7798353195438;VINO SAPO DE OTRO POZO X 750 MALBEC;VINOS;12700
7798353195414;VINO SAPO DE OTRO POZO X 750 MALBEC-SYRAH;VINOS;12700
7798116190366;VINO SAURUS ESTATE X 750 CABERNET;VINOS;7600
7798116190311;VINO SAURUS ESTATE X 750 MALBEC;VINOS;7600
7798116190335;VINO SAURUS ESTATE X 750 PINOT;VINOS;10900
7798116191707;VINO SAURUS ESTATE X 750 RED BLEND;VINOS;7600
7798116191745;VINO SAURUS SELECT X 1.5 MALBEC;VINOS;32000
7798116197815;VINO SAURUS SELECT X750 CABERNET CABERNET;VINOS;10500
7798116190069;VINO SAURUS SELECT X750 CABERNET SAUVIGNON;VINOS;10500
7798116190045;VINO SAURUS SELECT X750 CHARDONNAY;VINOS;10500
7798116190014;VINO SAURUS SELECT X750 MALBEC;VINOS;10500
7798116190021;VINO SAURUS SELECT X750 MERLOT;VINOS;10500
7798116190038;VINO SAURUS SELECT X750 PINOT;VINOS;14500
7798116190052;VINO SAURUS SELECT X750 SAUVIGNON BLANC;VINOS;10500
7798078230834;VINO SEPTIMA 10 BARRICAS X 750 CABERNET;VINOS;42700
7798078230810;VINO SEPTIMA 10 BARRICAS X 750 MALBEC;VINOS;42700
7798078238717;VINO SEPTIMA 10 BARRICAS X 750 PETIT VERDOT;VINOS;42700
7798078231671;VINO SEPTIMA 10 BARRICAS X 750 TANNAT;VINOS;42700
7798078237826;VINO SEPTIMA BIB X3LTS MALBEC;VINOS;21000
7798078238137;VINO SEPTIMA EMBLEMA X750 CAB FRANC;VINOS;7000
7798078238120;VINO SEPTIMA EMBLEMA X750 CABERNET SAUVIGNON;VINOS;7000
7798078238144;VINO SEPTIMA EMBLEMA X750 CHARDONNAY;VINOS;7000
7798078238113;VINO SEPTIMA EMBLEMA X750 MALBEC;VINOS;7000
7798078238168;VINO SEPTIMA EMBLEMA X750 ROSADO;VINOS;7000
7798078238151;VINO SEPTIMA EMBLEMA X750 SAUVIGNON BLANC;VINOS;7000
7798078236935;VINO SEPTIMA OBRA X 750 CABERNET FRANC;VINOS;12900
7798078230667;VINO SEPTIMA OBRA X 750 CABERNET SAUVIGNON;VINOS;12900
7798078230681;VINO SEPTIMA OBRA X 750 CHARDONNAY;VINOS;12900
7798078230643;VINO SEPTIMA OBRA X 750 MALBEC;VINOS;12900
7798078238748;VINO SEPTIMA OBRA X 750 MERLOT;VINOS;12900
7798078230704;VINO SEPTIMA OBRA X 750 PINOT NOIR;VINOS;18000
7798078237604;VINO SEPTIMA ORGANICO X750 MALBEC;VINOS;8400
7798143820809;VINO SERBAL X 750 ASSEMBLAGE;VINOS;11000
7798143821318;VINO SERBAL X 750 CABERNET FRANC;VINOS;11000
7798143820298;VINO SERBAL X 750 MALBEC;VINOS;11000
7798143821493;VINO SERBAL X 750 PINOT;VINOS;11000
7798127631681;VINO SIN REGLAS X750 MALBEC;VINOS;11000
7798116201451;VINO TAPIZ X 750 CABERNET FRANC;VINOS;15400
7798116200669;VINO TAPIZ X 750 MALBEC;VINOS;15100
4444111;VINO TATU X750 CABRENET SAUVIGNON;VINOS;11200
7790975196794;VINO TERRAZAS DE LOS ANDES X750 MALBEC COMPUERTAS;VINOS;24100
7790975202372;VINO TERRAZAS ORIGEN  X 750 MALBEC;VINOS;24100
7790975202389;VINO TERRAZAS PARAJE ALTAMIRA X 750 BLEND;VINOS;24100
7790975195674;VINO TERRAZAS RESERVA X 750 CABERNET FRANC;VINOS;18600
7790975001500;VINO TERRAZAS RESERVA X 750 CHARDONNAY;VINOS;18600
7790975196770;VINO TERRAZAS RESERVA X 750 MALBEC ROSE;VINOS;18600
7790975001494;VINO TERRAZAS RESERVA X750 CABERNET SAUV;VINOS;18600
7790975001487;VINO TERRAZAS RESERVA X750 MALBEC;VINOS;18600
7790975205168;VINO TERRAZAS RESERVA X750 PINOT;VINOS;18600
7790975196831;VINO TERRAZAS X 750 ALTAMIRA BLEND;VINOS;24100
7790975196817;VINO TERRAZAS X 750 LOS CHACALES MALBEC;VINOS;24100
7790415131798;VINO THE PRESIDENTS BLEND X750 CHARDO-SAUBLANC-SEM;VINOS;35700
7790415003965;VINO THE PRESIDENTS BLEND X750 MALBEC-CABERNET-SYR;VINOS;35700
7790415133143;VINO THE PRESIDENTS BLEND X750 MALBEC-MALBEC;VINOS;40500
7794450942944;VINO TIERRA DEL FUEGO X750 BLANCO DULCE;VINOS;4900
7798130150742;VINO TINO X750 BLANCO;VINOS;4200
7789130150795;VINO TINO X750 BLANCO DULCE;VINOS;4200
7798130150711;VINO TINO X750 MALBEC;VINOS;4200
7790240096682;VINO TRAPICHE COSTA&PAMPA X 750 PINOT;VINOS;18800
7790240140545;VINO TRAPICHE GRAN MEDALLA X 750 MALBEC;VINOS;38000
7790240003437;VINO TRAPICHE MEDALLA X 750 BLEND;VINOS;16600
7790240092011;VINO TRAPICHE MEDALLA X 750 MALBEC;VINOS;16600
7790240094459;VINO TRAPICHE RESERVA X 750 MALBEC;VINOS;8400
7790240940916;VINO TRAPICHE RESERVA X 750 RED BLEND;VINOS;8400
7791540053887;VINO TRAPICHE TESORO X 750 MALBEC;VINOS;11300
7798039598140;VINO TRIVENTO GOLDEN RESERVE X750 CAB FRANC;VINOS;12800
7798039597815;VINO TRIVENTO GOLDEN RESERVE X750 CAB-SAUVIGNON;VINOS;12800
7798039590625;VINO TRIVENTO GOLDEN RESERVE X750 MALBEC;VINOS;12800
7798039590342;VINO TRIVENTO RESERVA X 750 MALBEC;VINOS;5700
7798039599192;VINO TRIVENTO RESERVA X 750 MALBEC BLANCO;VINOS;5700
7798039599246;VINO TRIVENTO RESERVA X 750 RED BLEND;VINOS;5700
7798039594333;VINO TRIVENTO RESERVA X 750 ROSE MALBEC;VINOS;5700
7790577041591;VINO TRUMPETER RESERVA X 750 BONARDA;VINOS;11900
7790577041515;VINO TRUMPETER RESERVA X 750 CABERNET SAUVIGNON;VINOS;11900
7790577007184;VINO TRUMPETER RESERVA X 750 CHARDONNAY;VINOS;11900
7790577042802;VINO TRUMPETER RESERVA X 750 DOUX;VINOS;11900
7790577041553;VINO TRUMPETER RESERVA X 750 MALBEC;VINOS;11900
7790577040594;VINO TRUMPETER RESERVA X 750 PETIT VERDOT;VINOS;11900
7790577040655;VINO TRUMPETER RESERVA X 750 PINOT GRIGIO;VINOS;11900
7790577040617;VINO TRUMPETER RESERVA X 750 PINOT NOIR;VINOS;11900
7790577040983;VINO TRUMPETER RESERVA X 750 ROSE MALBEC;VINOS;11900
7790577040570;VINO TRUMPETER RESERVA X 750 TEMPRANILLO;VINOS;11900
7790577040631;VINO TRUMPETER RESERVA X 750 TORRONTES;VINOS;11900
7790577040679;VINO TRUMPETER RESERVA X 750 VIOGNIER;VINOS;11900
7790577040921;VINO TRUMPETER X 375 MALBEC;VINOS;5800
7790577044837;VINO TRUMPETER X 750 CABERNET FRANC;VINOS;9200
7790577002141;VINO TRUMPETER X 750 CABERNET SAUVIGNON;VINOS;9200
7790577002189;VINO TRUMPETER X 750 CHARDONNAY;VINOS;9200
7790577002165;VINO TRUMPETER X 750 MALBEC;VINOS;9200
515151511;VINO TURBIO X 750 CHARDONNAY;VINOS;17500
5000;VINO TURBIO X750 CRUZA DE BLANCAS;VINOS;17500
44744;VINO TURBIO X750 GIBI;VINOS;17500
502;VINO TURBIO X750 MALBEC;VINOS;17500
545747411155;VINO TURBIO X750 SAUVIGNON BLANC;VINOS;17500
7790762054344;VINO UNANIME X 750 MALBEC;VINOS;30000
7790336035519;VINO UNIVERSO PARALELO CHENIN BLANC;VINOS;40500
7790336035502;VINO UNIVERSO PARALELO MALBEC;VINOS;40500
7798104390761;VINO VAL DE FLORES X 750 MALBEC;VINOS;94100
7798081010119;VINO VICTORIO ALTIERI GRAN RESERVA X750 MALBEC;VINOS;64600
7798081010010;VINO VINORUM PREMIUM X750 MALBEC;VINOS;19300
7798081010034;VINO VINORUM RESERVA X750 MALBEC;VINOS;23400
7798000212945;VINO VIÑALBA RESERVA X 750 MALBEC;VINOS;8900
7798000212655;VINO VIÑALBA X750 MALBEC;VINOS;6200
7796138000502;VINO YACOCHUYA HERENCIAR X 750;VINOS;123900
7796138000106;VINO YACOCHUYA X 750 MALBEC;VINOS;63000
284690426452;VINO ZOLO SIN ALCOHOL X 750 ROSE;VINOS;8500
7791728020755;VINO ZUCCARDI A X 750 BLEND BLANCO;VINOS;12700
7791728004298;VINO ZUCCARDI A X 750 CABERNET SAUVI;VINOS;12700
7791728021301;VINO ZUCCARDI A X 750 MALBEC;VINOS;12700
7791728020748;VINO ZUCCARDI A X 750 SYRAH;VINOS;12700
7791728003253;VINO ZUCCARDI A X 750 TORRONTES;VINOS;12700
7791728021349;VINO ZUCCARDI A X750 BONARDA;VINOS;12700
7791728235999;VINO ZUCCARDI Q X 750 CABERNET FRANC;VINOS;20400
7791728001082;VINO ZUCCARDI Q X 750 CABERNET SAUVIGNON;VINOS;20400
7791728001532;VINO ZUCCARDI Q X 750 CHARDONNAY;VINOS;20400
7791728001075;VINO ZUCCARDI Q X 750 MALBEC;VINOS;20400
7791728000962;VINO ZUCCARDI Q X 750 TEMPRANILLO;VINOS;20400
CR;VINO CORAZON DE ROBLE X 750 CABERNET;VINOS EL CERNO;11400
CORAZ;VINO CORAZON DE ROBLE X 750 MALBEC;VINOS EL CERNO;11400
4556475646;VINO EL CERNO ANIVERSARIO X 750 BLEND;VINOS EL CERNO;27400
4576754765;VINO EL CERNO BARRICADO X 750 ANTIGUOS;VINOS EL CERNO;31800
15476352;VINO EL CERNO BARRICADO X 750 CABERNET FRANC;VINOS EL CERNO;20700
35456343;VINO EL CERNO BARRICADO X 750 CABERNET SAUV;VINOS EL CERNO;20700
86467576;VINO EL CERNO BARRICADO X 750 CHARDONNAY;VINOS EL CERNO;16200
36554793;VINO EL CERNO BARRICADO X 750 MALBEC;VINOS EL CERNO;20700
46855747;VINO EL CERNO BARRICADO X 750 MERLOT;VINOS EL CERNO;20700
6543464545;VINO EL CERNO BARRICADO X 750 PETIT VERDOT;VINOS EL CERNO;20700
54645646;VINO EL CERNO BARRICADO X 750 PINOT NOIR;VINOS EL CERNO;20700
547676847;VINO EL CERNO BARRICADO X 750 ROSADO;VINOS EL CERNO;16200
5416876987;VINO EL CERNO BARRICADO X 750 ROSADO DULCE;VINOS EL CERNO;16200
524786664738;VINO EL CERNO BARRICADO X 750 SAUV BLANC;VINOS EL CERNO;16200
5468463874;VINO EL CERNO BARRICADO X 750 SYRAH;VINOS EL CERNO;20700
524136544;VINO EL CERNO BARRICADO X 750 TORRONTES DULCE;VINOS EL CERNO;16200
58487675;VINO EL CERNO BARRICADO X 750 VIOGNIER;VINOS EL CERNO;16200
54567687;VINO EL CERNO BARRICADO X 750 VIOGNIER DULCE;VINOS EL CERNO;16200
4554856748645;VINO EL CERNO GR X 750 CAB FRANC;VINOS EL CERNO;44700
54365743753;VINO EL CERNO GR X 750 CAB FRANC/SAUV;VINOS EL CERNO;44700
42778754544;VINO EL CERNO GR X 750 CAB SAUVIGNON;VINOS EL CERNO;49900
65687953587;VINO EL CERNO GR X 750 GRAN CORTE;VINOS EL CERNO;24800
45646786486;VINO EL CERNO GR X 750 MALBEC;VINOS EL CERNO;49900
45346454543;VINO EL CERNO GR X 750 SYRAH MERLOT;VINOS EL CERNO;44700
32536453;VINO EL CERNO SEXTA VIÑA X 750 2DA EDIC;VINOS EL CERNO;22800
53686796846;VINO EL CERNO X 750 FILOSOFOS;VINOS EL CERNO;29900
3645534156745;VINO EL CERNO X 750 GEOENERGIA MALBEC;VINOS EL CERNO;24100
7744115;VINO EL CERNO X 750 TORRONTES DULCE COMUN;VINOS EL CERNO;16200
2095595;VINO FLORECILLA X 750 MALBEC CABERNET;VINOS EL CERNO;9900
2109862;VINO FLORECILLA X 750 MALBEC DULCE;VINOS EL CERNO;9900
9975;VINO UTOPIA TORRONTES X 700;VINOS EL CERNO;15000
WAY2;VINO WAYNA X 750 CAB SAUV;VINOS EL CERNO;13600
36180;VINO WAYNA X 750 CHARDONNAY;VINOS EL CERNO;13600
WAY3|;VINO WAYNA X 750 MALBEC;VINOS EL CERNO;13600
WAY1;VINO WAYNA X 750 MERLOT;VINOS EL CERNO;13600
WAY4;VINO WAYNA X 750 SYRAH;VINOS EL CERNO;13600
2;VARIOS;VINOS OFERTA;400
7790168904403;VINO COLON X 750 MALBEC;VINOS OFERTA;5000
7798159948856;VINO CORDERO X 750 CABERNET SAUVIGNON;VINOS OFERTA;4800
7798353195278;VINO CORDERO X 750 DULCE NATURAL;VINOS OFERTA;4800
7798162671314;VINO CUATRO MONOS X750 MALBEC;VINOS OFERTA;3500
7798130465761;VINO DEVOCION X750 CHARDONNAY;VINOS OFERTA;7900
7798130465754;VINO DEVOCION X750 MALBEC;VINOS OFERTA;7900
7798141877058;VINO LA CELIA X 750 RESERVA MALBEC;VINOS OFERTA;6900
7798165080199;VINO LA IRIDE X 750 CHARDONNAY;VINOS OFERTA;5500
7791728247688;VINO SANTA JULIA RESERVA X750 CABERNET SAUVGNON;VINOS OFERTA;7300
7791728247725;VINO SANTA JULIA RESERVA X750 MAL - CAB FRA;VINOS OFERTA;7300
7791728247671;VINO SANTA JULIA RESERVA X750 MALBEC;VINOS OFERTA;7300
7791728247718;VINO SANTA JULIA RESERVA X750 SYRAH;VINOS OFERTA;7300
7791728247695;VINO SANTA JULIA RESERVA X750 TEMPRANILLO;VINOS OFERTA;7300
7791728247114;VINO SANTA JULIA X 750 MALBEC;VINOS OFERTA;6300
7791728243956;VINO SANTA JULIA X 750 MERLOT;VINOS OFERTA;6300
7791728244472;VINO SANTA JULIA X 750 PINOT NOIR;VINOS OFERTA;6300
7791728247817;VINO SANTA JULIA X 750 SAUVIGNON BLANC;VINOS OFERTA;6300
7791728243918;VINO SANTA JULIA X 750 TEMPRANILLO;VINOS OFERTA;6300
7798385810057;VODKA RUNA X750 CHERRY;VINOS OFERTA;8300
7798385810040;VODKA RUNA X750 COMUN;VINOS OFERTA;8300
7798385810064;VODKA RUNA X750 LIMA;VINOS OFERTA;8300
;;;
TOTALES :;;;
